id,title,company,location,link,image_url,compensation,published_date,metadata
fd1d0ed3-1da4-40e3-95f2-eadf63d81cd0,Customer Service Executive,Propseller,"Singapore, Singapore",https://www.techinasia.com/jobs/fd1d0ed3-1da4-40e3-95f2-eadf63d81cd0,https://cdn.techinasia.com/data/images/giZpzuxiSBu26mtKUNL09PphyIR1tdXppw1gFwsD.png,"SGD 2,800 – 3,100 with equity",30 May 2025,"Customer Service,Property marketplaces,Full-time"
37851236-d374-4d58-8bdc-582fd57f7207,Senior Client Success / Support Manager,Rida.ai,"Singapore, Singapore",https://www.techinasia.com/jobs/37851236-d374-4d58-8bdc-582fd57f7207,https://cdn.techinasia.com/data/images/80mULU5RfwNrFblRuftnUZc7oeD6n9nHdwXLvCfB.png,"SGD 4,000 – 8,000 with equity",29 May 2025,"Customer Service,Artificial Intelligence,Full-time"
fa32c72a-ed04-4278-84a2-1d57653dc21e,Head of Operations,Rida.ai,"Singapore, Singapore",https://www.techinasia.com/jobs/fa32c72a-ed04-4278-84a2-1d57653dc21e,https://cdn.techinasia.com/data/images/80mULU5RfwNrFblRuftnUZc7oeD6n9nHdwXLvCfB.png,"SGD 6,000 – 12,000 with equity",29 May 2025,"Logistics & Operations,Artificial Intelligence,Full-time"
0c495e6f-da17-4451-bbec-ecb9b5d21679,Senior Sales Development Rep,Rida.ai,"Singapore, Singapore",https://www.techinasia.com/jobs/0c495e6f-da17-4451-bbec-ecb9b5d21679,https://cdn.techinasia.com/data/images/80mULU5RfwNrFblRuftnUZc7oeD6n9nHdwXLvCfB.png,"SGD 6,000 – 12,000 with equity",29 May 2025,"Sales & Business Development,Artificial Intelligence,Full-time"
2aa644fe-fc69-456e-bdf5-e9fa2b222019,Operations Manager,Rida.ai,"Singapore, Singapore",https://www.techinasia.com/jobs/2aa644fe-fc69-456e-bdf5-e9fa2b222019,https://cdn.techinasia.com/data/images/80mULU5RfwNrFblRuftnUZc7oeD6n9nHdwXLvCfB.png,"SGD 3,000 – 6,000",29 May 2025,"Logistics & Operations,Artificial Intelligence,Full-time"
67c8b409-7711-43fe-ab0a-8e04e92bfd07,Project Manager,Rida.ai,"Singapore, Singapore",https://www.techinasia.com/jobs/67c8b409-7711-43fe-ab0a-8e04e92bfd07,https://cdn.techinasia.com/data/images/80mULU5RfwNrFblRuftnUZc7oeD6n9nHdwXLvCfB.png,"SGD 3,500 – 7,000 with equity",29 May 2025,"Logistics & Operations,Artificial Intelligence,Full-time"
260886ca-9259-49c4-b2ef-adf5c31184e6,Tech Lead (Cybersecurity),Microsec,"Singapore, Singapore",https://www.techinasia.com/jobs/260886ca-9259-49c4-b2ef-adf5c31184e6,https://cdn.techinasia.com/data/images/RtEn1Q9x75tIGuJuxZN1eye0WayYvzrG7JCoygVb.jpeg,"SGD 7,000 – 10,000 with equity",21 May 2025,"Project & Product Management,Network Security,Full-time"
791c9383-b911-4d56-a674-687297402275,Pre-sales & Consultant,Microsec,"Singapore, Singapore",https://www.techinasia.com/jobs/791c9383-b911-4d56-a674-687297402275,https://cdn.techinasia.com/data/images/RtEn1Q9x75tIGuJuxZN1eye0WayYvzrG7JCoygVb.jpeg,"SGD 6,000 – 10,000",21 May 2025,"DevOps & Cloud Management,Network Security,Full-time"
f2014532-b5f3-49a4-902f-c03e38fed8f4,Technical Product Manager,Microsec,"Singapore, Singapore",https://www.techinasia.com/jobs/f2014532-b5f3-49a4-902f-c03e38fed8f4,https://cdn.techinasia.com/data/images/RtEn1Q9x75tIGuJuxZN1eye0WayYvzrG7JCoygVb.jpeg,"SGD 6,000 – 10,000",21 May 2025,"Project & Product Management,Network Security,Full-time"
5bc77831-57db-4f03-9b56-460e2a9f296d,"Solution Architect, IoT Cybersecurity",Microsec,"Singapore, Singapore (Remote)",https://www.techinasia.com/jobs/5bc77831-57db-4f03-9b56-460e2a9f296d,https://cdn.techinasia.com/data/images/RtEn1Q9x75tIGuJuxZN1eye0WayYvzrG7JCoygVb.jpeg,"SGD 6,000 – 10,000 with equity",21 May 2025,"DevOps & Cloud Management,Network Security,Full-time"
070ecd0e-fd89-42be-b999-d88dddd6fdd4,Embedded Developer,Microsec,"Singapore, Singapore",https://www.techinasia.com/jobs/070ecd0e-fd89-42be-b999-d88dddd6fdd4,https://cdn.techinasia.com/data/images/RtEn1Q9x75tIGuJuxZN1eye0WayYvzrG7JCoygVb.jpeg,"SGD 6,000 – 10,000",21 May 2025,"Hardware & Embedded Systems,Network Security,Full-time"
0b3d8b47-9538-490a-8ce0-0b390f536b6d,Financial Operations Associate,Shift Markets,"Singapore, Singapore (Remote)",https://www.techinasia.com/jobs/0b3d8b47-9538-490a-8ce0-0b390f536b6d,https://cdn.techinasia.com/data/images/uAmU8bKEVcxRGTxEsJgb5jHn5HwrjFuEASIA1TFO.png,"SGD 2,500 – 3,200",20 May 2025,"Finance, Legal & Accounting,SaaS,Full-time"
358ffd0f-d180-45eb-8cfd-5080e24b9527,Associate Sales Development Representative,REWARDZ PTE,"Singapore, Singapore",https://www.techinasia.com/jobs/358ffd0f-d180-45eb-8cfd-5080e24b9527,https://cdn.techinasia.com/data/images/6ofJPLv33aeWhzLlOEo1Fhb062sME42ecKkdVJ9E.png,"SGD 3,000 – 3,500",2 May 2025,"Sales & Business Development,SaaS,Full-time"
231f9065-4e41-48c0-b253-f9b86806db81,Software Test Lead,Cyberbot Pte Ltd,"Singapore, Singapore",https://www.techinasia.com/jobs/231f9065-4e41-48c0-b253-f9b86806db81,https://cdn.techinasia.com/data/images/ejpeSHtVUaosWMrnpMClQCknZhQ9NlwoG82yguVg.jpeg,"SGD 5,000 – 10,000",26 Apr 2025,"QA & Testing,Software,Full-time"
6e4d9e8b-213b-47e4-976d-cb9349f45b88,Senior Frontend Engineer (Andriod/iOS/Flutter),Cyberbot Pte Ltd,"Singapore, Singapore",https://www.techinasia.com/jobs/6e4d9e8b-213b-47e4-976d-cb9349f45b88,https://cdn.techinasia.com/data/images/ejpeSHtVUaosWMrnpMClQCknZhQ9NlwoG82yguVg.jpeg,"SGD 10,000 – 20,000",25 Apr 2025,"Software Engineer,Software,Full-time"
c857b86b-5569-493f-a254-916e3e5eb7dc,Business Development Executive,Codigo,"Singapore, Singapore",https://www.techinasia.com/jobs/c857b86b-5569-493f-a254-916e3e5eb7dc,https://cdn.techinasia.com/data/images/133SId723WxQdekAaSwvW9OmS6enNylzqa6iIZKh.png,"SGD 3,000 – 3,800",16 Apr 2025,"Sales & Business Development,Mobile Advertising, Enterprise Application,Full-time"
bb35a2df-ff1c-402e-92ae-79dc81c9542b,Events Director,Tech in Asia,"Singapore, Singapore",https://www.techinasia.com/jobs/bb35a2df-ff1c-402e-92ae-79dc81c9542b,https://cdn.techinasia.com/data/images/6EMK5Rmd84EJKTuPwx159cOMotV7fTvpMeZ7C1kL.png,"SGD 5,000 – 6,000",15 Apr 2025,"Event Management,Digital Media,Full-time"
e2765269-77c3-4e58-be03-eeedb744d844,"Associate Customer Support Engineer, APAC",Figment,"Singapore, Singapore",https://www.techinasia.com/jobs/e2765269-77c3-4e58-be03-eeedb744d844,https://cdn.techinasia.com/data/images/gFcBcdiaQwYpG3PsMYV5dNGJpRuqtheJZbTjJVP3.jpeg,,1d ago,"Customer Service,Internet technology,Full-time"
d05bde89-807e-4852-b41a-2c46bca44a6d,"Majors Account Executive, Growth",Grafana Labs,"Singapore, Singapore",https://www.techinasia.com/jobs/d05bde89-807e-4852-b41a-2c46bca44a6d,https://cdn.techinasia.com/data/images/HKlysuVFZ0QRqjBI3zkIlG4Px1scAryC1N6qsgHJ.jpeg,"SGD 380,000 – 400,000 with equity",1d ago,"Sales & Business Development,Software,Full-time"
64a24528-ddf1-4030-b854-c433c67d58df,"Director, Crypto Partnerships and Go to Market Strategy, Asia Pacific",Visa,"Singapore, Singapore",https://www.techinasia.com/jobs/64a24528-ddf1-4030-b854-c433c67d58df,https://cdn.techinasia.com/data/images/ca1eeb9c60c4907711d723590a0d1050.jpg,,1d ago,"Sales & Business Development,Payments and remittance,Full-time"
a2dc363b-2330-4608-b690-835fc2b70d71,"Marketing Associate, Mobility",Grab,"Singapore, Singapore",https://www.techinasia.com/jobs/a2dc363b-2330-4608-b690-835fc2b70d71,https://cdn.techinasia.com/data/images/9aff8841d561bcfc32159446e04a3832.png,,1d ago,"Marketing & PR,Transportation,Full-time"
4272ab4b-9657-4e82-9c4f-6b88b219f4c0,Head of Business Intelligence,OKX,"Singapore, Singapore",https://www.techinasia.com/jobs/4272ab4b-9657-4e82-9c4f-6b88b219f4c0,https://cdn.techinasia.com/data/images/sT1ytUfXXc2kP3EZAlSml18RVkMarvBbBKoUj9Zi.jpeg,,1d ago,"Data & Analytics,Software,Full-time"
dc9eb558-145c-4099-94ad-9da8be3ad3f4,Forward Deployed Engineer,Resaro,"Singapore, Singapore",https://www.techinasia.com/jobs/dc9eb558-145c-4099-94ad-9da8be3ad3f4,https://cdn.techinasia.com/data/images/xhqFgWTwIMAoCCQSiXP7sAaLZhgjJDst1uSbHate.jpeg,,1 Jun 2025,"Software Engineer,Artificial Intelligence,Full-time"
e0ff6786-91e6-4da0-aa74-ae9c58ac1527,"Principal Software Engineer, Fullstack - AI Assisted and Agentic Product Development",Grab,"Singapore, Singapore",https://www.techinasia.com/jobs/e0ff6786-91e6-4da0-aa74-ae9c58ac1527,https://cdn.techinasia.com/data/images/9aff8841d561bcfc32159446e04a3832.png,,31 May 2025,"Software Engineer,Transportation,Full-time"
85cf1bae-9322-4864-afc9-86d40250bc81,"Sr. Tax Analyst, Systems (APAC)",SpaceX,"Singapore, Singapore",https://www.techinasia.com/jobs/85cf1bae-9322-4864-afc9-86d40250bc81,https://cdn.techinasia.com/data/images/YFELoYkQdsBSJ6wcWirhyPTEKmKEhf20lgWooFkI.jpeg,,30 May 2025,"Finance, Legal & Accounting,Space,Full-time"
3b623455-2abe-46da-8183-b5e0cb8fcba6,Commercial Solutions Consultant (Singapore),Figma,"Singapore, Singapore",https://www.techinasia.com/jobs/3b623455-2abe-46da-8183-b5e0cb8fcba6,https://cdn.techinasia.com/data/images/B9YF43PntcJnPz2FV8SaZbOi1tEjamHO5A3IOMrq.jpeg,,29 May 2025,"Sales & Business Development,SaaS,Full-time"
fad9bc7b-d606-482c-a93b-c4e9cb36c6c0,BRAIN AI Researcher,WorldQuant,"Singapore, Singapore",https://www.techinasia.com/jobs/fad9bc7b-d606-482c-a93b-c4e9cb36c6c0,https://cdn.techinasia.com/data/images/7d2QUtfb3U1aZQEv5QmjWggy3Nk6On7DuHbPZVr6.jpeg,,29 May 2025,"Science & Academics,Investment tools and platforms,Full-time"
48e13f5f-560d-4a40-bf8d-b2583b194c2b,Senior Cloud Infrastructure Software Engineer,Arta Finance,"Singapore, Singapore",https://www.techinasia.com/jobs/48e13f5f-560d-4a40-bf8d-b2583b194c2b,https://cdn.techinasia.com/data/images/Nj001nKCQc6njnq6dTYS1PS73vNPY0NJ2TnFv8DX.jpeg,,29 May 2025,"DevOps & Cloud Management,Investment tools and platforms,Full-time"
d6b06ff8-2dba-4175-b2b0-fbbf63002191,"Business Analyst, Deal Structuring & Monetization",Pure Storage,"Singapore, Singapore",https://www.techinasia.com/jobs/d6b06ff8-2dba-4175-b2b0-fbbf63002191,https://cdn.techinasia.com/data/images/byAAB9rjPr1tps2BOKFGuTFhx7RAGjJ1JKJLyEYJ.jpeg,,29 May 2025,"Finance, Legal & Accounting,Big Data,Full-time"
fd43c6e4-7534-40b6-a4aa-8a44f57423ca,Data Engineer,ExpressVPN,"Singapore, Singapore",https://www.techinasia.com/jobs/fd43c6e4-7534-40b6-a4aa-8a44f57423ca,https://cdn.techinasia.com/data/images/3Wkuh59I6OjveSgNYADlkmI5eHBoGuLid3cei32A.jpeg,,29 May 2025,"Data & Analytics,Network Security,Full-time"
7678bdb6-cf10-4cb4-941f-c0ca5f9fada0,Trading UX Strategist,Coins.ph,"Singapore, Singapore",https://www.techinasia.com/jobs/7678bdb6-cf10-4cb4-941f-c0ca5f9fada0,https://cdn.techinasia.com/data/images/lZvpsohD5eYttISKfYOZBcU5oif0j65vZfRfVDru.png,,28 May 2025,"UX/UI Design,Payments and remittance,Full-time"
4d0a12b1-2cc4-4e58-81b1-fb61d0e4db76,Growth Analyst,Workstream,"Singapore, Singapore",https://www.techinasia.com/jobs/4d0a12b1-2cc4-4e58-81b1-fb61d0e4db76,https://cdn.techinasia.com/data/images/wC1CboYLCqaU6RHyvyhGBzgnlQvHuwR9XV2a1bhr.jpeg,,28 May 2025,"Data & Analytics,Software,Full-time"
50efa19c-0511-45ed-b41a-0dab1bae621c,Software Engineer - Mobile,Padlet,"Singapore, Singapore",https://www.techinasia.com/jobs/50efa19c-0511-45ed-b41a-0dab1bae621c,https://cdn.techinasia.com/data/images/YQBuRrGuFtBij6eW0bDpEKag3fF24gxI8TBzQWbP.jpeg,Equity,28 May 2025,"Software Engineer,Curated Web,Full-time"
9f5e0c2d-91bb-4b7e-abdc-ddbdaf3358de,Senior Engineering Director (Trading),OKX,"Singapore, Singapore",https://www.techinasia.com/jobs/9f5e0c2d-91bb-4b7e-abdc-ddbdaf3358de,https://cdn.techinasia.com/data/images/sT1ytUfXXc2kP3EZAlSml18RVkMarvBbBKoUj9Zi.jpeg,,28 May 2025,"Software Engineer,Software,Full-time"
59d2634f-64a2-4ac5-a983-46bb63b1b5ce,Senior Finance and Accounting Manager,OKX,"Singapore, Singapore",https://www.techinasia.com/jobs/59d2634f-64a2-4ac5-a983-46bb63b1b5ce,https://cdn.techinasia.com/data/images/sT1ytUfXXc2kP3EZAlSml18RVkMarvBbBKoUj9Zi.jpeg,,28 May 2025,"Finance, Legal & Accounting,Software,Full-time"
c454cbc2-d9d9-4b13-a232-bd4cef4f04b7,"Director, Product Strategy, Payments",Airwallex,"Singapore, Singapore",https://www.techinasia.com/jobs/c454cbc2-d9d9-4b13-a232-bd4cef4f04b7,https://cdn.techinasia.com/data/images/1HfTyl8QMW2RfVwLO85KDDiG7db3qrC4KkEXf5vn.jpeg,"SGD 300,000 – 325,000 with equity",28 May 2025,"Project & Product Management,Payments and remittance,Full-time"
e900c437-a3a2-44dd-90a3-375af18adab4,"Manager, Sales Development",Carta,"Singapore, Singapore",https://www.techinasia.com/jobs/e900c437-a3a2-44dd-90a3-375af18adab4,https://cdn.techinasia.com/data/images/xXqPXRuK9EmNpGdOpXA1Eut1Gwsfy6ehyPGvOJqd.jpeg,,28 May 2025,"Sales & Business Development,Software,Full-time"
20511f8f-f64c-4d6a-8d07-5be78cf7cc48,Customer Enablement Manager,Figma,"Singapore, Singapore",https://www.techinasia.com/jobs/20511f8f-f64c-4d6a-8d07-5be78cf7cc48,https://cdn.techinasia.com/data/images/B9YF43PntcJnPz2FV8SaZbOi1tEjamHO5A3IOMrq.jpeg,,28 May 2025,"Customer Service,SaaS,Full-time"
a9fc76cd-256c-4262-8c6c-e9a82ad03f99,Content Analyst,PatSnap,"Singapore, Singapore",https://www.techinasia.com/jobs/a9fc76cd-256c-4262-8c6c-e9a82ad03f99,https://cdn.techinasia.com/data/images/QsjyHgawxCQ38LQLjNxgfNd0m0nZfLhVkElxRoq1.jpeg,,28 May 2025,"Data & Analytics,SaaS,Full-time"
ad8292ff-e433-4697-a479-aa0bf0a036f9,Software Engineer - Frontend/Backend,Padlet,"Singapore, Singapore",https://www.techinasia.com/jobs/ad8292ff-e433-4697-a479-aa0bf0a036f9,https://cdn.techinasia.com/data/images/YQBuRrGuFtBij6eW0bDpEKag3fF24gxI8TBzQWbP.jpeg,,28 May 2025,"Software Engineer,Curated Web,Full-time"
52b95512-6eff-4ba4-ae07-78b97abeebb5,Senior Data Analyst,Padlet,"Singapore, Singapore",https://www.techinasia.com/jobs/52b95512-6eff-4ba4-ae07-78b97abeebb5,https://cdn.techinasia.com/data/images/YQBuRrGuFtBij6eW0bDpEKag3fF24gxI8TBzQWbP.jpeg,,28 May 2025,"Data & Analytics,Curated Web,Full-time"
0a7da92f-a3f1-4dc2-be57-b947177d74e5,Senior Backend Engineer,Plaud AI,"Singapore, Singapore",https://www.techinasia.com/jobs/0a7da92f-a3f1-4dc2-be57-b947177d74e5,https://cdn.techinasia.com/data/images/lfZkWSv9BbMmghTa1fMjISgAeRixgpojUaeGo5Mz.jpeg,,28 May 2025,"Software Engineer,Hardware & Software,Full-time"
ba0ff5b8-b057-4a32-b43b-40d86319d08d,Senior Data Engineer,Plaud AI,"Singapore, Singapore",https://www.techinasia.com/jobs/ba0ff5b8-b057-4a32-b43b-40d86319d08d,https://cdn.techinasia.com/data/images/lfZkWSv9BbMmghTa1fMjISgAeRixgpojUaeGo5Mz.jpeg,,28 May 2025,"Data & Analytics,Hardware & Software,Full-time"
3bcb2b04-86aa-4cc9-abd3-fcbe7ef76a4a,Senior DevOps Engineer,Plaud AI,"Singapore, Singapore",https://www.techinasia.com/jobs/3bcb2b04-86aa-4cc9-abd3-fcbe7ef76a4a,https://cdn.techinasia.com/data/images/lfZkWSv9BbMmghTa1fMjISgAeRixgpojUaeGo5Mz.jpeg,,28 May 2025,"DevOps & Cloud Management,Hardware & Software,Full-time"
c69b3a2a-270b-4bb6-b12a-ee53f94008e8,Senior Frontend Engineer - Cards,Airwallex,"Singapore, Singapore",https://www.techinasia.com/jobs/c69b3a2a-270b-4bb6-b12a-ee53f94008e8,https://cdn.techinasia.com/data/images/1HfTyl8QMW2RfVwLO85KDDiG7db3qrC4KkEXf5vn.jpeg,Equity,27 May 2025,"Software Engineer,Payments and remittance,Full-time"
afa936af-4969-4a75-9481-604c16679448,"Talent Acquisition Partner, Technology",Airwallex,"Singapore, Singapore",https://www.techinasia.com/jobs/afa936af-4969-4a75-9481-604c16679448,https://cdn.techinasia.com/data/images/1HfTyl8QMW2RfVwLO85KDDiG7db3qrC4KkEXf5vn.jpeg,,27 May 2025,"Human Resources,Payments and remittance,Full-time"
59fdf81a-e0e1-44e4-ada0-412e25443b4c,Talent Acquisition Partner,Airwallex,"Singapore, Singapore",https://www.techinasia.com/jobs/59fdf81a-e0e1-44e4-ada0-412e25443b4c,https://cdn.techinasia.com/data/images/1HfTyl8QMW2RfVwLO85KDDiG7db3qrC4KkEXf5vn.jpeg,,27 May 2025,"Human Resources,Payments and remittance,Full-time"
368e895a-68a8-4ddf-af9b-6fbb2a38fb1c,Data Engineer,Breeze,"Singapore, Singapore",https://www.techinasia.com/jobs/368e895a-68a8-4ddf-af9b-6fbb2a38fb1c,https://cdn.techinasia.com/data/images/ScySVp5bh5tpRsAleciOoAmGZKx9yJolgrZYNIrj.jpeg,Equity,27 May 2025,"Data & Analytics,Payments and remittance,Full-time"
66fc12d8-bd34-48cb-8599-b987fb5f05ab,Engineering Leader,Breeze,"Singapore, Singapore",https://www.techinasia.com/jobs/66fc12d8-bd34-48cb-8599-b987fb5f05ab,https://cdn.techinasia.com/data/images/ScySVp5bh5tpRsAleciOoAmGZKx9yJolgrZYNIrj.jpeg,Equity,27 May 2025,"Software Engineer,Payments and remittance,Full-time"
464759e7-019f-4824-8524-30366b863c42,Product Manager,Breeze,"Singapore, Singapore",https://www.techinasia.com/jobs/464759e7-019f-4824-8524-30366b863c42,https://cdn.techinasia.com/data/images/ScySVp5bh5tpRsAleciOoAmGZKx9yJolgrZYNIrj.jpeg,Equity,27 May 2025,"Project & Product Management,Payments and remittance,Full-time"
afcd2ae5-3c82-4b40-8234-be2d2969f314,APAC SBD Key Account Manager,Feedzai,"Singapore, Singapore",https://www.techinasia.com/jobs/afcd2ae5-3c82-4b40-8234-be2d2969f314,https://cdn.techinasia.com/data/images/wF2A8LLfHKctxNiqVDj2RebyERtXAGZc8YvE8Cm4.jpeg,,27 May 2025,"Sales & Business Development,Software,Full-time"
ae28e24e-ae85-4e1c-9f9a-ccee4bef6d8f,Sales Manager,Portcast,"Singapore, Singapore",https://www.techinasia.com/jobs/ae28e24e-ae85-4e1c-9f9a-ccee4bef6d8f,https://cdn.techinasia.com/data/images/30a12336b0ec545821aad492ecba989e.jpeg,,27 May 2025,"Sales & Business Development,Machine Learning,Full-time"
4fe17676-3560-405f-97ef-e99afd655070,"Associate, Product Operations",foodpanda,"Singapore, Singapore",https://www.techinasia.com/jobs/4fe17676-3560-405f-97ef-e99afd655070,https://cdn.techinasia.com/data/images/LVH5hgH14IJqwzFy3CzQ9kHvWDsVrUtPNoAJ31YV.jpeg,,27 May 2025,"Project & Product Management,Restaurants & Food,Full-time"
69b3c8e3-5d30-4746-b4a3-963ae9a93cce,Senior PMO/Project Manager - Product,foodpanda,"Singapore, Singapore",https://www.techinasia.com/jobs/69b3c8e3-5d30-4746-b4a3-963ae9a93cce,https://cdn.techinasia.com/data/images/LVH5hgH14IJqwzFy3CzQ9kHvWDsVrUtPNoAJ31YV.jpeg,,27 May 2025,"Project & Product Management,Restaurants & Food,Full-time"
1a9508d3-4afc-4bd3-aadd-57e228ba3781,"Senior Site Reliability Engineer, Spend Foundations",Airwallex,"Singapore, Singapore",https://www.techinasia.com/jobs/1a9508d3-4afc-4bd3-aadd-57e228ba3781,https://cdn.techinasia.com/data/images/1HfTyl8QMW2RfVwLO85KDDiG7db3qrC4KkEXf5vn.jpeg,,27 May 2025,"DevOps & Cloud Management,Payments and remittance,Full-time"
3d385621-eeec-41e6-997d-29254c774936,Data Engineer,Engineers Gate,"Singapore, Singapore",https://www.techinasia.com/jobs/3d385621-eeec-41e6-997d-29254c774936,https://cdn.techinasia.com/data/images/VucysOQePbwrcFejOYcSiD2yROIW2SuaPVmNAsK1.jpeg,,24 May 2025,"Data & Analytics,Investment tools and platforms,Full-time"
4d8a28f0-7a96-48ad-b73e-e38cd5e3f421,Customer Onboarding Manager | APAC,Deel,"Singapore, Singapore",https://www.techinasia.com/jobs/4d8a28f0-7a96-48ad-b73e-e38cd5e3f421,https://cdn.techinasia.com/data/images/ppXV3cR8hJdWTHSG1D2L3jE8aVoch5tvqeC1WQD8.jpeg,Equity,24 May 2025,"Project & Product Management,Human Resource,Full-time"
c2a122c5-ccd2-4049-a668-093239b3b644,"New Business & Brand Partnership, Manager/Sr. Manager- South East Asia",Sony Music,"Singapore, Singapore",https://www.techinasia.com/jobs/c2a122c5-ccd2-4049-a668-093239b3b644,https://cdn.techinasia.com/data/images/thG1wOEpdiCW30rriFHWP0CK92NcoohMadGz0Zgu.jpeg,,24 May 2025,"Sales & Business Development,Music,Full-time"
85658dcf-f1b6-41dd-bc5c-48c104f5025f,Senior Cyber Security Engineer,Recorded Future,"Singapore, Singapore",https://www.techinasia.com/jobs/85658dcf-f1b6-41dd-bc5c-48c104f5025f,https://cdn.techinasia.com/data/images/56gzFuZizRbh6SG90ko42Xu70cTZFbswI9WrP3mw.jpeg,,24 May 2025,"Software Engineer,Network Security,Full-time"
46561ecf-d2a7-4704-8499-a349e6fefb12,Data Operations Analyst,Point72,"Singapore, Singapore",https://www.techinasia.com/jobs/46561ecf-d2a7-4704-8499-a349e6fefb12,https://cdn.techinasia.com/data/images/cHVLQ3nayKhR1s9R15ETBfY0Kf7rmtyAmUyJX9vH.jpeg,,24 May 2025,"Data & Analytics,Investment tools and platforms,Full-time"
8db509d5-2abe-4555-9954-f0fdb2017cc7,"(Senior) Product Manager, DEX Institution Trading",OKX,"Singapore, Singapore",https://www.techinasia.com/jobs/8db509d5-2abe-4555-9954-f0fdb2017cc7,https://cdn.techinasia.com/data/images/sT1ytUfXXc2kP3EZAlSml18RVkMarvBbBKoUj9Zi.jpeg,,24 May 2025,"Project & Product Management,Software,Full-time"
29c2a206-1457-4a4c-b873-9e4aa9a68aee,"Principal / Senior Product Manager, Institution Onboarding Experience (KYB)",OKX,"Singapore, Singapore",https://www.techinasia.com/jobs/29c2a206-1457-4a4c-b873-9e4aa9a68aee,https://cdn.techinasia.com/data/images/sT1ytUfXXc2kP3EZAlSml18RVkMarvBbBKoUj9Zi.jpeg,,24 May 2025,"Project & Product Management,Software,Full-time"
abe9f0c0-0e69-4736-8dc8-dd3172b5d231,Lead Software Engineer (Payments/FinTech),Menyala,"Singapore, Singapore",https://www.techinasia.com/jobs/abe9f0c0-0e69-4736-8dc8-dd3172b5d231,https://cdn.techinasia.com/data/images/5W0VvOvSnV2twzIknhlfqNCYAcSmbnQ5tpNq1KKd.jpeg,,24 May 2025,"Software Engineer,Venture Capital,Full-time"
56bd8924-2d94-4c4b-afe5-cd741e0e7a59,Data Engineer,Lynx Analytics,"Singapore, Singapore",https://www.techinasia.com/jobs/56bd8924-2d94-4c4b-afe5-cd741e0e7a59,https://cdn.techinasia.com/data/images/b097cb71c212848c032ce9e39d7beba5.png,,24 May 2025,"Data & Analytics,Business Analytics,Full-time"
b6c12451-433a-4220-a204-30e883076a04,"Technical Lead Manager, Data Engine and Robotic Foundation Models",Intrinsic,"Singapore, Singapore",https://www.techinasia.com/jobs/b6c12451-433a-4220-a204-30e883076a04,https://cdn.techinasia.com/data/images/V0hBu3Vhz6gD2i6ZfqghG6QmAq7H7Tjwr6J1Vlsr.jpeg,,24 May 2025,"Hardware & Embedded Systems,Robotics,Full-time"
a35250b5-6ee7-463c-b360-2be47d9faca6,"Manager, Compliance",Gemini,"Singapore, Singapore",https://www.techinasia.com/jobs/a35250b5-6ee7-463c-b360-2be47d9faca6,https://cdn.techinasia.com/data/images/WOksTQ3HeZZbGec25WOQ6eiQ1kxWbNCS3YL3esqH.jpeg,,24 May 2025,"Finance, Legal & Accounting,Financial exchanges,Full-time"
498b99ae-7ab7-48a3-bec5-262582a94b60,"Account Executive, Enterprise, Korean Speaking",Figma,"Singapore, Singapore",https://www.techinasia.com/jobs/498b99ae-7ab7-48a3-bec5-262582a94b60,https://cdn.techinasia.com/data/images/B9YF43PntcJnPz2FV8SaZbOi1tEjamHO5A3IOMrq.jpeg,,24 May 2025,"Sales & Business Development,SaaS,Full-time"
a793b174-39f9-406d-90f4-85b8e68be2cf,"Partner Business Manager, Singapore",Cribl,"Singapore, Singapore",https://www.techinasia.com/jobs/a793b174-39f9-406d-90f4-85b8e68be2cf,https://cdn.techinasia.com/data/images/KaCZJt4trJV2tv9t1kZlQZwCQwZ9dylo0PDFX48W.jpeg,,24 May 2025,"Sales & Business Development,Software,Full-time"
3f94fbfa-21b5-44a5-812d-216dff3b80fe,Project Manager,AirTrunk,"Singapore, Singapore",https://www.techinasia.com/jobs/3f94fbfa-21b5-44a5-812d-216dff3b80fe,https://cdn.techinasia.com/data/images/764a1334203f7a918a83b7d60b221ead.png,,24 May 2025,"Project & Product Management,Telecommunications,Full-time"
d3267ec2-645f-40fe-b5de-2e2c3c2d4553,Regulatory Counsel II,Adyen,"Singapore, Singapore",https://www.techinasia.com/jobs/d3267ec2-645f-40fe-b5de-2e2c3c2d4553,https://cdn.techinasia.com/data/images/GjipVG171qg4fq7c4VpccNMk5U7JqxXS1i37AaBh.png,,24 May 2025,"Finance, Legal & Accounting,Payments and remittance,Full-time"
07946767-0af1-4809-abcf-20fb3392c77d,C++ Database Developer,Ahrefs,"Singapore, Singapore",https://www.techinasia.com/jobs/07946767-0af1-4809-abcf-20fb3392c77d,https://cdn.techinasia.com/data/images/222773b46f26faea17860419043b6b84.jpg,,24 May 2025,"Software Engineer,Internet marketing,Full-time"
75f3e9d8-9034-4e83-86b2-1135cdb2b84e,Product Designer,Ahrefs,"Singapore, Singapore",https://www.techinasia.com/jobs/75f3e9d8-9034-4e83-86b2-1135cdb2b84e,https://cdn.techinasia.com/data/images/222773b46f26faea17860419043b6b84.jpg,,23 May 2025,"UX/UI Design,Internet marketing,Full-time"
be68e26d-5342-4909-ba6e-e5cdc4b7f724,GTM Enablement Lead,OpenAI,"Singapore, Singapore",https://www.techinasia.com/jobs/be68e26d-5342-4909-ba6e-e5cdc4b7f724,https://cdn.techinasia.com/data/images/FQPuasOT5nwEZaYXxP3Sz19XagJ2HOA4e6IPXq7j.jpeg,,23 May 2025,"Strategy & Consulting,Artificial Intelligence,Full-time"
b0997101-aa0c-445d-8d5d-18d744b52ea6,IT Support Specialist,OpenAI,"Singapore, Singapore",https://www.techinasia.com/jobs/b0997101-aa0c-445d-8d5d-18d744b52ea6,https://cdn.techinasia.com/data/images/FQPuasOT5nwEZaYXxP3Sz19XagJ2HOA4e6IPXq7j.jpeg,,23 May 2025,"Enterprise Software & Systems,Artificial Intelligence,Full-time"
c526ba33-b70f-4026-a464-fb076df71696,"Account Director, Digital Native",OpenAI,"Singapore, Singapore",https://www.techinasia.com/jobs/c526ba33-b70f-4026-a464-fb076df71696,https://cdn.techinasia.com/data/images/FQPuasOT5nwEZaYXxP3Sz19XagJ2HOA4e6IPXq7j.jpeg,,23 May 2025,"Sales & Business Development,Artificial Intelligence,Full-time"
9d2e90a6-afb1-4a64-a531-88f994f0f39c,"Account Director, Strategics",OpenAI,"Singapore, Singapore",https://www.techinasia.com/jobs/9d2e90a6-afb1-4a64-a531-88f994f0f39c,https://cdn.techinasia.com/data/images/FQPuasOT5nwEZaYXxP3Sz19XagJ2HOA4e6IPXq7j.jpeg,,23 May 2025,"Sales & Business Development,Artificial Intelligence,Full-time"
9bbc3535-b6f0-44a4-8e0f-ca1c84ae41d1,"Account Director, Startups",OpenAI,"Singapore, Singapore",https://www.techinasia.com/jobs/9bbc3535-b6f0-44a4-8e0f-ca1c84ae41d1,https://cdn.techinasia.com/data/images/FQPuasOT5nwEZaYXxP3Sz19XagJ2HOA4e6IPXq7j.jpeg,,23 May 2025,"Sales & Business Development,Artificial Intelligence,Full-time"
60a4e55d-0f22-40e2-9f89-d5aaa9ba2c91,Velocity Sales,OpenAI,"Singapore, Singapore",https://www.techinasia.com/jobs/60a4e55d-0f22-40e2-9f89-d5aaa9ba2c91,https://cdn.techinasia.com/data/images/FQPuasOT5nwEZaYXxP3Sz19XagJ2HOA4e6IPXq7j.jpeg,,23 May 2025,"Sales & Business Development,Artificial Intelligence,Full-time"
6913b177-30f2-4116-8c04-52539c5c9ec3,Director of Partner Management,OpenAI,"Singapore, Singapore",https://www.techinasia.com/jobs/6913b177-30f2-4116-8c04-52539c5c9ec3,https://cdn.techinasia.com/data/images/FQPuasOT5nwEZaYXxP3Sz19XagJ2HOA4e6IPXq7j.jpeg,,23 May 2025,"Sales & Business Development,Artificial Intelligence,Full-time"
a05cc0d0-4d33-4ade-bd04-7b4f6972f2dc,Customer Success Manager,OpenAI,"Singapore, Singapore",https://www.techinasia.com/jobs/a05cc0d0-4d33-4ade-bd04-7b4f6972f2dc,https://cdn.techinasia.com/data/images/FQPuasOT5nwEZaYXxP3Sz19XagJ2HOA4e6IPXq7j.jpeg,,23 May 2025,"Customer Service,Artificial Intelligence,Full-time"
c66a1c8c-8850-42ac-b859-c6f5f7184efc,Forward Deployed Engineer,OpenAI,"Singapore, Singapore",https://www.techinasia.com/jobs/c66a1c8c-8850-42ac-b859-c6f5f7184efc,https://cdn.techinasia.com/data/images/FQPuasOT5nwEZaYXxP3Sz19XagJ2HOA4e6IPXq7j.jpeg,,23 May 2025,"Software Engineer,Artificial Intelligence,Full-time"
b27aa753-2e05-4c70-b61b-d518ed276717,Mid-Market Account Director,OpenAI,"Singapore, Singapore",https://www.techinasia.com/jobs/b27aa753-2e05-4c70-b61b-d518ed276717,https://cdn.techinasia.com/data/images/FQPuasOT5nwEZaYXxP3Sz19XagJ2HOA4e6IPXq7j.jpeg,,23 May 2025,"Sales & Business Development,Artificial Intelligence,Full-time"
d9f58cfa-ecbf-43c3-8b8c-4e24db238abe,Solutions Engineer,OpenAI,"Singapore, Singapore",https://www.techinasia.com/jobs/d9f58cfa-ecbf-43c3-8b8c-4e24db238abe,https://cdn.techinasia.com/data/images/FQPuasOT5nwEZaYXxP3Sz19XagJ2HOA4e6IPXq7j.jpeg,,23 May 2025,"Sales & Business Development,Artificial Intelligence,Full-time"
88b5ccb7-0ec1-4622-a9b8-5174949042d6,Solutions Architect,OpenAI,"Singapore, Singapore",https://www.techinasia.com/jobs/88b5ccb7-0ec1-4622-a9b8-5174949042d6,https://cdn.techinasia.com/data/images/FQPuasOT5nwEZaYXxP3Sz19XagJ2HOA4e6IPXq7j.jpeg,,23 May 2025,"Strategy & Consulting,Artificial Intelligence,Full-time"
573f1892-f823-4f9a-8cee-a049087eb775,Machine Learning Engineer,99 Group (99.co),"Singapore, Singapore",https://www.techinasia.com/jobs/573f1892-f823-4f9a-8cee-a049087eb775,https://cdn.techinasia.com/data/images/alWStA6sbKxlV2xiTxfABxFLV2usLieQTrcoiYQK.jpeg,,22 May 2025,"Software Engineer,Property marketplaces,Full-time"
a13fec03-5bbe-490f-ac61-33746413d3d8,Member of Technical Staff (GPU Engineer),Reka AI,"Singapore, Singapore",https://www.techinasia.com/jobs/a13fec03-5bbe-490f-ac61-33746413d3d8,https://cdn.techinasia.com/data/images/rKNYqJyjROaoZbfP5dZ68qmliGDgcxFAs9LIHJna.jpeg,,20 May 2025,"Software Engineer,Artificial Intelligence,Full-time"
207049af-237d-4a69-a46c-cb759baa41d6,Member of Technical Staff (Backend Engineer),Reka AI,"Singapore, Singapore",https://www.techinasia.com/jobs/207049af-237d-4a69-a46c-cb759baa41d6,https://cdn.techinasia.com/data/images/rKNYqJyjROaoZbfP5dZ68qmliGDgcxFAs9LIHJna.jpeg,,20 May 2025,"Software Engineer,Artificial Intelligence,Full-time"
1ea51431-83c5-44d5-874f-06cd70be9758,"Partners & Alliances Manager, Singapore",Couchbase,"Singapore, Singapore",https://www.techinasia.com/jobs/1ea51431-83c5-44d5-874f-06cd70be9758,https://cdn.techinasia.com/data/images/I0FFz010uYCytQYI5eMCkzCBChx3bbtPc1grOZTO.jpeg,,20 May 2025,"Sales & Business Development,Software,Full-time"
92995604-1094-40bd-8ea3-dd1d598b3a12,"Account Executive, Defence & Intelligence",Planet,"Singapore, Singapore",https://www.techinasia.com/jobs/92995604-1094-40bd-8ea3-dd1d598b3a12,https://cdn.techinasia.com/data/images/bz4ryzZtGEXqzsuAWR8p0GQph3IF4pjE7eseg3Er.jpeg,Equity,20 May 2025,"Sales & Business Development,Software,Full-time"
0d78c3d4-48f5-4489-9b5e-b7749f700e82,"Software Engineer, Commodities Engineering",DRW,"Singapore, Singapore",https://www.techinasia.com/jobs/0d78c3d4-48f5-4489-9b5e-b7749f700e82,https://cdn.techinasia.com/data/images/wMvAZ613kFZx8AlOvWcOZDrYQZO7rMf0LSOGDCJe.jpeg,,20 May 2025,"Software Engineer,Investment tools and platforms,Full-time"
20ddb6d8-3a0d-4d46-b27e-cee167ec754b,Field Marketing Manager,Hawk,"Singapore, Singapore",https://www.techinasia.com/jobs/20ddb6d8-3a0d-4d46-b27e-cee167ec754b,https://cdn.techinasia.com/data/images/gAZI8DOIiDOHYvCsd9OHuJLPaWRvlajEhhoT4xaB.jpeg,,20 May 2025,"Marketing & PR,SaaS,Full-time"
4d4575e3-0d0a-4343-921c-5e28b6a43e82,Senior Software Engineer,DKATALIS (Digital Katalis),"Singapore, Singapore",https://www.techinasia.com/jobs/4d4575e3-0d0a-4343-921c-5e28b6a43e82,https://cdn.techinasia.com/data/images/IgF7KMWSMtHKZqiDWvU7ElnHOUZ0z3gubvTXVvnx.png,,20 May 2025,"Software Engineer,Services,Full-time"
14eb429e-920f-49fe-bb3f-b50919ff413b,"Software Engineer, GenAI",Airwallex,"Singapore, Singapore",https://www.techinasia.com/jobs/14eb429e-920f-49fe-bb3f-b50919ff413b,https://cdn.techinasia.com/data/images/1HfTyl8QMW2RfVwLO85KDDiG7db3qrC4KkEXf5vn.jpeg,,18 May 2025,"Software Engineer,Payments and remittance,Full-time"
fc0be11e-8413-465b-80b5-0ce1f5b18bf1,"Specialist, Digital Operations (UX/UI)",AXA Insurance Pte Ltd,"Singapore, Singapore",https://www.techinasia.com/jobs/fc0be11e-8413-465b-80b5-0ce1f5b18bf1,https://cdn.techinasia.com/data/images/6a328f57daceb9df1e5a1225ce3cc73f.png,,18 May 2025,"UX/UI Design,Insurance tech,Full-time"
22eab532-20ce-43f0-ac70-83f715965b06,"Business Development Representative II, ASEAN",Recorded Future,"Singapore, Singapore",https://www.techinasia.com/jobs/22eab532-20ce-43f0-ac70-83f715965b06,https://cdn.techinasia.com/data/images/56gzFuZizRbh6SG90ko42Xu70cTZFbswI9WrP3mw.jpeg,,18 May 2025,"Sales & Business Development,Network Security,Full-time"
f1ace077-0871-426b-a939-540cf8ac803f,"Demand Creation Campaigns Senior Manager, APJ",Twilio,"Singapore, Singapore",https://www.techinasia.com/jobs/f1ace077-0871-426b-a939-540cf8ac803f,https://cdn.techinasia.com/data/images/a2ce8b071be824003e6aa356b73ed3ba.jpg,,18 May 2025,"Marketing & PR,Enterprise Software,Full-time"
e019976c-8dd4-463b-8567-692332c3044e,Product Marketing Manager,Crypto.com,"Singapore, Singapore",https://www.techinasia.com/jobs/e019976c-8dd4-463b-8567-692332c3044e,https://cdn.techinasia.com/data/images/n66qEFpV1ibep65HSWsxm14tPV8tuzxCZHa5gr3d.png,,18 May 2025,"Marketing & PR,Financial exchanges,Full-time"
73c396f2-605f-4e4f-acb9-74ee3c1624b8,Senior Marketing Specialist - Southeast Asia,Geotab,"Singapore, Singapore",https://www.techinasia.com/jobs/73c396f2-605f-4e4f-acb9-74ee3c1624b8,https://cdn.techinasia.com/data/images/2BNJuw7730CLZ9ar4kG4EXTJpnD6JCXzDe9AuBv4.jpeg,,16 May 2025,"Marketing & PR,SaaS,Full-time"
b9ba9935-ab84-4039-9fea-32deb33f254f,Project Manager,Plusgrade,"Singapore, Singapore",https://www.techinasia.com/jobs/b9ba9935-ab84-4039-9fea-32deb33f254f,https://cdn.techinasia.com/data/images/dv25GPx1ONNX7y107pPpgt8Kjk5B1kgwluJqgyZS.jpeg,,16 May 2025,"Project & Product Management,Software,Full-time"
9a05ade9-f920-443c-bb03-fcbeaf1c522f,Channel Marketing Lead,Fortra,"Singapore, Singapore",https://www.techinasia.com/jobs/9a05ade9-f920-443c-bb03-fcbeaf1c522f,https://cdn.techinasia.com/data/images/hY7QLVJbfPYCjO50iwrrtMHh3YEwoGY7VHajy8gY.jpeg,,16 May 2025,"Marketing & PR,Software,Full-time"
89c6ba49-00af-44db-aec4-3482ba2618ce,APAC Business Development Lead,Alchemy,"Singapore, Singapore",https://www.techinasia.com/jobs/89c6ba49-00af-44db-aec4-3482ba2618ce,https://cdn.techinasia.com/data/images/fXOmtccQdeRo8BYIPEByG3mBMyeBMo9X9TcCfx78.jpeg,,16 May 2025,"Sales & Business Development,Software,Full-time"
491e9b6c-61ce-4f5a-aad9-9d817da60f0e,C++ Developer,Auros,"Singapore, Singapore",https://www.techinasia.com/jobs/491e9b6c-61ce-4f5a-aad9-9d817da60f0e,https://cdn.techinasia.com/data/images/vPvJQ8K7E4F9toVfpqtpd3yKjfLxJbCS72DUTXB4.jpeg,,16 May 2025,"Software Engineer,Financial exchanges,Full-time"
b955eed2-beca-433e-b671-8537b7bc6c37,CRM Lifecycle Manager,HoYoverse,"Singapore, Singapore",https://www.techinasia.com/jobs/b955eed2-beca-433e-b671-8537b7bc6c37,https://cdn.techinasia.com/data/images/Jm9XDZL2CqmhRmGzmGwqrinfBBVmOBFmj6W5ldFs.jpeg,,16 May 2025,"Marketing & PR,Games,Full-time"
f6f09fbf-9f2c-48fb-88e1-5f86dc704f7c,LLM Inference Frameworks and Optimization Engineer,Together AI,"Singapore, Singapore",https://www.techinasia.com/jobs/f6f09fbf-9f2c-48fb-88e1-5f86dc704f7c,https://cdn.techinasia.com/data/images/W8MZXVInoLWUBItFuCB9nXW1twGrC0PUAvGmqNhH.jpeg,Equity,16 May 2025,"Software Engineer,Artificial Intelligence,Full-time"
170fe3de-9c0b-4259-a4b7-52e6e17987e3,Senior Data Engineer,Terrascope,"Singapore, Singapore",https://www.techinasia.com/jobs/170fe3de-9c0b-4259-a4b7-52e6e17987e3,https://cdn.techinasia.com/data/images/JRTmEWDOcwQaIC6g1Lmq0ZDRSBxYWSV8oZvM2vft.jpeg,,15 May 2025,"Data & Analytics,Green,Full-time"
3507074f-02a8-4db9-87ff-057ec8c33dbf,Regional Marketing Manager - South East Asia,CleverTap,"Singapore, Singapore",https://www.techinasia.com/jobs/3507074f-02a8-4db9-87ff-057ec8c33dbf,https://cdn.techinasia.com/data/images/YS07AidEKkiXDi9FTy5ZI1Qp6jGBb3DAIUfB3rUl.jpeg,,15 May 2025,"Marketing & PR,Business Analytics, SaaS,Full-time"
ccee0704-a3bd-4c57-a5fa-44f80833eb02,GTM Engineer - Singapore,Pump,"Singapore, Singapore",https://www.techinasia.com/jobs/ccee0704-a3bd-4c57-a5fa-44f80833eb02,https://cdn.techinasia.com/data/images/p7Z6XFqIM2iesAysaA21a7ZjAumubsDyDVB3lLfp.jpeg,"SGD 60,000 – 90,000",14 May 2025,"Software Engineer,SaaS,Full-time"
3222319d-8b22-4b1f-8207-fa1071c93010,AI Product Operations Specialist,HoYoverse,"Singapore, Singapore",https://www.techinasia.com/jobs/3222319d-8b22-4b1f-8207-fa1071c93010,https://cdn.techinasia.com/data/images/Jm9XDZL2CqmhRmGzmGwqrinfBBVmOBFmj6W5ldFs.jpeg,,13 May 2025,"Project & Product Management,Games,Full-time"
0595f8ba-1bbc-4a8b-b165-f2432beadeb5,Senior UX Writer and Content Designer,Klook (客路旅行),"Singapore, Singapore",https://www.techinasia.com/jobs/0595f8ba-1bbc-4a8b-b165-f2432beadeb5,https://cdn.techinasia.com/data/images/TlHiec2et7F9PmtVDhrx8jb8tGFbkolheMYAbxQR.png,,9 May 2025,"UX/UI Design,Travel & Tourism,Full-time"
0ed8144c-07e0-4f78-b1e8-11c160dd3d6a,UX Designer,Zühlke,"Singapore, Singapore",https://www.techinasia.com/jobs/0ed8144c-07e0-4f78-b1e8-11c160dd3d6a,https://cdn.techinasia.com/data/images/JoXkTTJwEYTIn8ewzzmlVVw6Ed3IOaMz8XdFLCXY.jpeg,,9 May 2025,"UX/UI Design,Enterprise Software,Full-time"
e403f25f-6e26-43fc-819d-9b231b3e3910,"Senior Enterprise Account Executive, Growth",MongoDB,"Singapore, Singapore",https://www.techinasia.com/jobs/e403f25f-6e26-43fc-819d-9b231b3e3910,https://cdn.techinasia.com/data/images/c6nGKEJlt6MCbXaGySpVTOIF23CZSA9XeTW9cCkX.jpeg,,9 May 2025,"Sales & Business Development,Software,Full-time"
d2e98d70-8d8c-4c36-a01c-681269a5a6d0,Senior Consulting Engineer,neo4j,"Singapore, Singapore",https://www.techinasia.com/jobs/d2e98d70-8d8c-4c36-a01c-681269a5a6d0,https://cdn.techinasia.com/data/images/5tazkNVGZhQBrQKixeKYH1m7aAvc9alxfbjYzfLZ.jpeg,,9 May 2025,"Strategy & Consulting,SaaS,Full-time"
a8037782-562e-4156-ab69-022f3674873e,Growth Lead,Iterative,"Singapore, Singapore",https://www.techinasia.com/jobs/a8037782-562e-4156-ab69-022f3674873e,https://cdn.techinasia.com/data/images/WGIYwuec90eAGTCWlTcCNBRs9uwB3hyme6fOIr69.png,,9 May 2025,"Marketing & PR,Venture Capital,Full-time"
af5d95c4-dd80-4194-9245-0de960c10507,Technical Program Manager,Workato,"Singapore, Singapore",https://www.techinasia.com/jobs/af5d95c4-dd80-4194-9245-0de960c10507,https://cdn.techinasia.com/data/images/PEn5CTypB2iOcnd8VZB4O9HSP8MgsGXXZOO2LcZ7.jpeg,,9 May 2025,"Project & Product Management,SaaS,Full-time"
6cf16ea1-0b69-4839-94ee-ae48474bc3b9,Payroll Operations Lead - General Payroll (Singapore),Remote,"Singapore, Singapore",https://www.techinasia.com/jobs/6cf16ea1-0b69-4839-94ee-ae48474bc3b9,https://cdn.techinasia.com/data/images/9wkRWRi0QngVufGysW7RNu5xy0l9ZSx5RViVApCQ.jpeg,Equity,9 May 2025,"Finance, Legal & Accounting,Human Resource,Full-time"
3475c5b2-914c-4f62-9814-51377d2cc50c,Senior Fullstack Engineer (Generalist),Codex,"Singapore, Singapore",https://www.techinasia.com/jobs/3475c5b2-914c-4f62-9814-51377d2cc50c,https://cdn.techinasia.com/data/images/Q7ijqU08mJcxF52dZKwg7I6s8iy3SqMVWXs7mwAd.jpeg,Equity,9 May 2025,"Software Engineer,Financial exchanges,Full-time"
c9ea2d0b-4c75-4ab7-a604-5d356bfe94af,QA Engineer,PatSnap,"Singapore, Singapore",https://www.techinasia.com/jobs/c9ea2d0b-4c75-4ab7-a604-5d356bfe94af,https://cdn.techinasia.com/data/images/QsjyHgawxCQ38LQLjNxgfNd0m0nZfLhVkElxRoq1.jpeg,,9 May 2025,"QA & Testing,SaaS,Full-time"
212b0edd-c878-4af3-908b-8d8b7987838d,Customer Success Business Analyst,BOKU,"Singapore, Singapore",https://www.techinasia.com/jobs/212b0edd-c878-4af3-908b-8d8b7987838d,https://cdn.techinasia.com/data/images/35c521c3e8c641520b70332bcaf60777.png,,9 May 2025,"Data & Analytics,Telecommunications, Payments and remittance,Full-time"
6b88a60b-f8cb-4ade-a713-5990d3e6008c,"Backend Engineer, Content Moderation & User Protection Team",BandLab,"Singapore, Singapore",https://www.techinasia.com/jobs/6b88a60b-f8cb-4ade-a713-5990d3e6008c,https://cdn.techinasia.com/data/images/taprLpEKznXDD2QGyACvmZrP0KWrtdPE2Q4kfxci.jpeg,,9 May 2025,"Software Engineer,Cloud-based Music,Full-time"
8160c9e4-d7af-496e-8e9a-c6917ee316bb,Senior Customer Success Manager,BigID,"Singapore, Singapore",https://www.techinasia.com/jobs/8160c9e4-d7af-496e-8e9a-c6917ee316bb,https://cdn.techinasia.com/data/images/Lak0N7ujRhL4FenMKhBy1nP28nyveDXPQWet6bqH.jpeg,Equity,9 May 2025,"Customer Service,Data Security, Enterprise Security,Full-time"
4809a38f-ca5a-44f1-a63c-a2e96e96e6ff,Senior QA Engineer,CoinMarketCap,"Singapore, Singapore",https://www.techinasia.com/jobs/4809a38f-ca5a-44f1-a63c-a2e96e96e6ff,https://cdn.techinasia.com/data/images/bZ68s0zTBQu3ZCtLG8o2qpUlm7Hu469cLzqNRplw.jpeg,,9 May 2025,"QA & Testing,Software,Full-time"
21079883-88a2-41b5-a8ff-a0bad85163de,Customer Success Director APAC,Backbase,"Singapore, Singapore",https://www.techinasia.com/jobs/21079883-88a2-41b5-a8ff-a0bad85163de,https://cdn.techinasia.com/data/images/gyDM1Yp5wm1VLPBacME0ypKmBmyLVRsJ6o3gJKTj.jpeg,,9 May 2025,"Customer Service,Digital bank,Full-time"
d2a30884-a262-400f-b677-70ceb582aecf,Technical Manager,Backbase,"Singapore, Singapore",https://www.techinasia.com/jobs/d2a30884-a262-400f-b677-70ceb582aecf,https://cdn.techinasia.com/data/images/gyDM1Yp5wm1VLPBacME0ypKmBmyLVRsJ6o3gJKTj.jpeg,,9 May 2025,"Project & Product Management,Digital bank,Full-time"
87ebae05-b668-44e5-8520-ef231af82b97,"Analyst, SE Asia",General Atlantic,"Singapore, Singapore",https://www.techinasia.com/jobs/87ebae05-b668-44e5-8520-ef231af82b97,https://cdn.techinasia.com/data/images/79EhmHBpgYbNMoinluvJWiTaE6Vvxyrketi11Juu.jpeg,,9 May 2025,"Finance, Legal & Accounting,Private Equity,Full-time"
4775f03e-7dbb-4012-86d6-463581d77857,"Senior Enterprise Account Executive, Singapore",LaunchDarkly,"Singapore, Singapore",https://www.techinasia.com/jobs/4775f03e-7dbb-4012-86d6-463581d77857,https://cdn.techinasia.com/data/images/71F2VcdzzSONbNlpnrke0SaUa5xrWNxTU1Lhj34N.jpeg,,9 May 2025,"Sales & Business Development,SaaS,Full-time"
d0b2c349-a7e6-4f30-9749-1a640bc7150d,Web3 Product Manager (Consumer Crypto),MyShell,"Singapore, Singapore",https://www.techinasia.com/jobs/d0b2c349-a7e6-4f30-9749-1a640bc7150d,https://cdn.techinasia.com/data/images/7pDLpmDR5ptQBgz2fCyu9UlGdn2qydxnwLYRD3Ks.jpeg,Equity,9 May 2025,"Project & Product Management,Creative AI tools,Full-time"
44bf5ac1-fa2d-4792-96fd-ee4193ca3492,Senior / Lead AI Engineer - Computer Vision,OKX,"Singapore, Singapore",https://www.techinasia.com/jobs/44bf5ac1-fa2d-4792-96fd-ee4193ca3492,https://cdn.techinasia.com/data/images/sT1ytUfXXc2kP3EZAlSml18RVkMarvBbBKoUj9Zi.jpeg,,9 May 2025,"Software Engineer,Software,Full-time"
7b966e4e-c639-45f6-a0ee-b44846bf682c,Product Success Associate,Jigsaw,"Singapore, Singapore",https://www.techinasia.com/jobs/7b966e4e-c639-45f6-a0ee-b44846bf682c,https://cdn.techinasia.com/data/images/K4hWC9ReGSdL0EmBOf86gW33LJ4r98Eglq5F8YLi.jpeg,"SGD 55,000",8 May 2025,"Project & Product Management,Software,Full-time"
aff2ac86-ac29-4fef-b892-36ea01040584,Android Software Engineer II,Booking.com,"Singapore, Singapore",https://www.techinasia.com/jobs/aff2ac86-ac29-4fef-b892-36ea01040584,https://cdn.techinasia.com/data/images/b043fe82e1e2a019ec5c23a2a57d590b.jpg,,7 May 2025,"Software Engineer,Travel & Tourism,Full-time"
56e387df-ed38-482f-9259-9654d67b4e5a,Designer Advocate,Figma,"Singapore, Singapore",https://www.techinasia.com/jobs/56e387df-ed38-482f-9259-9654d67b4e5a,https://cdn.techinasia.com/data/images/B9YF43PntcJnPz2FV8SaZbOi1tEjamHO5A3IOMrq.jpeg,,7 May 2025,"Marketing & PR,SaaS,Full-time"
6726cf96-4155-41b0-a9a8-b47497f529dd,Senior Data Platform Architect (GCP Expert),Klook (客路旅行),"Singapore, Singapore",https://www.techinasia.com/jobs/6726cf96-4155-41b0-a9a8-b47497f529dd,https://cdn.techinasia.com/data/images/TlHiec2et7F9PmtVDhrx8jb8tGFbkolheMYAbxQR.png,,7 May 2025,"Data & Analytics,Travel & Tourism,Full-time"
d95d2a4a-095d-427a-9449-a765f51aa7fd,Software Developer,Viridien,"Singapore, Singapore",https://www.techinasia.com/jobs/d95d2a4a-095d-427a-9449-a765f51aa7fd,https://cdn.techinasia.com/data/images/vnkrMihmVV9GbceT0zPgVUTZ3P29oS8YutuYJjn1.jpeg,,7 May 2025,"Software Engineer,Internet technology,Full-time"
84093955-5a40-4a68-9a77-028c033f36b6,"Game Development AI Tools, Manager",Razer,"Singapore, Singapore",https://www.techinasia.com/jobs/84093955-5a40-4a68-9a77-028c033f36b6,https://cdn.techinasia.com/data/images/cfaaf8e4ac60773040ab548dd782e535.jpg,,7 May 2025,"Software Engineer,Consumer Electronics,Full-time"
931dd030-f4c8-4151-b620-9204b831c3a2,"Senior Growth Marketing Manager, APAC (SEM)",Airbnb,"Singapore, Singapore",https://www.techinasia.com/jobs/931dd030-f4c8-4151-b620-9204b831c3a2,https://cdn.techinasia.com/data/images/27a4abb1e37fc68c4aff2f35e7b085fe.jpg,,7 May 2025,"Marketing & PR,Hotels & Accomodation,Full-time"
35c11ba8-6520-487c-b17d-e991162308f8,Marketing Specialist,Dolby Laboratories,"Singapore, Singapore",https://www.techinasia.com/jobs/35c11ba8-6520-487c-b17d-e991162308f8,https://cdn.techinasia.com/data/images/4XOgEAwryLRoEBgf2YWyOXYcJ04aenEKmOkfksyl.jpeg,,7 May 2025,"Marketing & PR,Computers & Accessories,Full-time"
f0327d8b-8fd4-4434-963c-75e3fc5fa997,Senior Software Engineer,Pinterest,"Singapore, Singapore",https://www.techinasia.com/jobs/f0327d8b-8fd4-4434-963c-75e3fc5fa997,https://cdn.techinasia.com/data/images/v8xXnnirBrzdSjnsM0XQwhkpL5UNlhmMiO0SGrVx.jpeg,,7 May 2025,"Software Engineer,Social Media Platforms,Full-time"
b76090ec-70d8-4bb2-811a-72393b8b41f7,Principal Product Strategist,ThoughtWorks,"Singapore, Singapore",https://www.techinasia.com/jobs/b76090ec-70d8-4bb2-811a-72393b8b41f7,https://cdn.techinasia.com/data/images/UgqymLRfUzlfqvrlJMSwqzrf41j6stDD57BFBm0P.jpeg,,7 May 2025,"Project & Product Management,Software,Full-time"
7856beed-34b3-4faf-bfd6-c6b2ea16e795,UI/UX Designer,AvePoint,"Singapore, Singapore",https://www.techinasia.com/jobs/7856beed-34b3-4faf-bfd6-c6b2ea16e795,https://cdn.techinasia.com/data/images/mA43lmKo7IY3Zy7kZ7mrKXAkjClHHV2oFvAdwcJi.jpeg,,7 May 2025,"UX/UI Design,Software,Full-time"
e8121e74-3fc8-4d22-98d9-6e52bc973fda,Lead Analyst,Wise,"Singapore, Singapore",https://www.techinasia.com/jobs/e8121e74-3fc8-4d22-98d9-6e52bc973fda,https://cdn.techinasia.com/data/images/gHyeUbM2qsZjlM1ZNmfdlTsAU5PxNTYjrWeqJyRU.jpeg,"SGD 11,000 – 13,000 with equity",7 May 2025,"Data & Analytics,Financial exchanges,Full-time"
f56ab0fe-8d0e-45d1-9501-e534c5518330,Senior Software Engineer,Rapsodo,"Singapore, Singapore",https://www.techinasia.com/jobs/f56ab0fe-8d0e-45d1-9501-e534c5518330,https://cdn.techinasia.com/data/images/b731886625c75964427ed17743e4392c.png,,7 May 2025,"Software Engineer,Sports,Full-time"
e982a9d3-a0ae-4b04-8d36-dc1a4f93ee0d,Software Engineer,Rapsodo,"Singapore, Singapore",https://www.techinasia.com/jobs/e982a9d3-a0ae-4b04-8d36-dc1a4f93ee0d,https://cdn.techinasia.com/data/images/b731886625c75964427ed17743e4392c.png,,7 May 2025,"Software Engineer,Sports,Full-time"
d598a11a-af94-4247-8915-af54542e5cf6,"Head of Marketing, APAC",OpenAI,"Singapore, Singapore",https://www.techinasia.com/jobs/d598a11a-af94-4247-8915-af54542e5cf6,https://cdn.techinasia.com/data/images/FQPuasOT5nwEZaYXxP3Sz19XagJ2HOA4e6IPXq7j.jpeg,,7 May 2025,"Marketing & PR,Artificial Intelligence,Full-time"
bee5a301-cb20-4194-8b56-012440f8bc62,Senior Machine Learning Engineer,Barry Callebaut Group,"Singapore, Singapore",https://www.techinasia.com/jobs/bee5a301-cb20-4194-8b56-012440f8bc62,https://cdn.techinasia.com/data/images/1benx8RQLA2NvudRKywyZCYGtVStzmUW9j4j1Zz5.jpeg,,28 Apr 2025,"Software Engineer,Restaurants & Food,Full-time"
9a8eaa5b-560b-49c4-95f2-688e56d25aea,Staff Machine Learning Engineer (Recommendation and Personalization) — Coupang Play,Coupang,"Singapore, Singapore",https://www.techinasia.com/jobs/9a8eaa5b-560b-49c4-95f2-688e56d25aea,https://cdn.techinasia.com/data/images/dc53ea473f759961397fa6c5601b5677.png,,28 Apr 2025,"Software Engineer,General B2C/C2C,Full-time"
7ad06864-01f2-44de-8faa-26781e286846,"Scala/Java Software Engineer, Associate",Morgan Stanley,"Singapore, Singapore",https://www.techinasia.com/jobs/7ad06864-01f2-44de-8faa-26781e286846,https://cdn.techinasia.com/data/images/9342ee420fbfac5f8e419383650886f4.png,,28 Apr 2025,"Software Engineer,Full-time"
3e189f65-cef3-4b68-8705-ee7dcf8d5f02,Senior AI Engineer,VIAVI Solutions,"Singapore, Singapore",https://www.techinasia.com/jobs/3e189f65-cef3-4b68-8705-ee7dcf8d5f02,https://cdn.techinasia.com/data/images/MstPlor0o9xW3W4eT9nJSKu3lbfWAnSFX5QBpWoA.jpeg,,28 Apr 2025,"Software Engineer,Telecommunications,Full-time"
4ef4627a-57d8-40ad-b3e0-7be9a0b551da,Salesforce Developer,Ethos,"Singapore, Singapore",https://www.techinasia.com/jobs/4ef4627a-57d8-40ad-b3e0-7be9a0b551da,https://cdn.techinasia.com/data/images/HZhMkfYOlXPAdN1ww4jLjBihFmK8GUzelbcCvQKJ.jpeg,,24 Apr 2025,"Software Engineer,Insurance tech,Full-time"
a8c4de00-272f-4566-972a-836278b8eb5b,Software Engineer,8x8,"Singapore, Singapore",https://www.techinasia.com/jobs/a8c4de00-272f-4566-972a-836278b8eb5b,https://cdn.techinasia.com/data/images/J22cNKn9TpK1rua5l4nViTbeAK7OUXeUsz0IxPX2.png,,24 Apr 2025,"Software Engineer,Cloud Infrastructure,Full-time"
3c5e3faf-9556-4df1-ba7f-2d6df0a61999,Senior Executive - Subscriber Growth Insights and Analytics,Warner Bros. Entertainment,"Singapore, Singapore",https://www.techinasia.com/jobs/3c5e3faf-9556-4df1-ba7f-2d6df0a61999,https://cdn.techinasia.com/data/images/5c2k60jUr65gBpE5uKoqY14D5XTCaQ4RVIUM9jlV.jpeg,,24 Apr 2025,"Data & Analytics,Entertainment Industry,Full-time"
7ae30a2b-cde5-47da-9828-797444d8e38b,Solutions Architect,Builder.ai,"Singapore, Singapore",https://www.techinasia.com/jobs/7ae30a2b-cde5-47da-9828-797444d8e38b,https://cdn.techinasia.com/data/images/fILtnQRUtfnA1gmT1ufWvM4fsuognt31wdnUkegr.jpeg,,24 Apr 2025,"Sales & Business Development,Artificial Intelligence,Full-time"
0440c486-dd06-4697-824d-6f13c781a48b,Full-stack Software Engineer,ChainOpera AI,"Singapore, Singapore",https://www.techinasia.com/jobs/0440c486-dd06-4697-824d-6f13c781a48b,https://cdn.techinasia.com/data/images/qppysOClmhtdwkDl5udgbw5TjZkiTGPqIjiCs0Ri.jpeg,,23 Apr 2025,"Software Engineer,Artificial Intelligence,Full-time"
2e925ca7-ced8-47dc-9529-6638de642cf3,Senior Software Engineer I (Full Stack Engineer),Razer,"Singapore, Singapore",https://www.techinasia.com/jobs/2e925ca7-ced8-47dc-9529-6638de642cf3,https://cdn.techinasia.com/data/images/cfaaf8e4ac60773040ab548dd782e535.jpg,,23 Apr 2025,"Software Engineer,Consumer Electronics,Full-time"
2c0a5082-c5cf-4010-9173-19ed04089e71,AI Specialist (Data Science & Analytics),GXS Bank,"Singapore, Singapore",https://www.techinasia.com/jobs/2c0a5082-c5cf-4010-9173-19ed04089e71,https://cdn.techinasia.com/data/images/6MQLpFjbvZKFpuCSfr0QBOBgoiofDak5Cdgws8rC.jpeg,,23 Apr 2025,"Software Engineer,Financial exchanges,Full-time"
3e09fa42-5488-4312-8cfb-0d4355c5a469,"Account Director, EDU Singapore",OpenAI,"Singapore, Singapore",https://www.techinasia.com/jobs/3e09fa42-5488-4312-8cfb-0d4355c5a469,https://cdn.techinasia.com/data/images/FQPuasOT5nwEZaYXxP3Sz19XagJ2HOA4e6IPXq7j.jpeg,,22 Apr 2025,"Sales & Business Development,Artificial Intelligence,Full-time"
be780cc9-b066-4244-988c-1d2d17a266d8,Senior Full Stack Engineer,Wise,"Singapore, Singapore",https://www.techinasia.com/jobs/be780cc9-b066-4244-988c-1d2d17a266d8,https://cdn.techinasia.com/data/images/gHyeUbM2qsZjlM1ZNmfdlTsAU5PxNTYjrWeqJyRU.jpeg,"SGD 147,000 – 180,000 with equity",22 Apr 2025,"Software Engineer,Financial exchanges,Full-time"
86f7f5dd-cdb9-41a7-b7dd-3f7fa06aadfb,Machine Learning Engineer,Ahrefs,"Singapore, Singapore",https://www.techinasia.com/jobs/86f7f5dd-cdb9-41a7-b7dd-3f7fa06aadfb,https://cdn.techinasia.com/data/images/222773b46f26faea17860419043b6b84.jpg,,22 Apr 2025,"Software Engineer,Internet marketing,Full-time"
1c845716-0538-4002-8eda-6bc63de60300,"Staff Engineer, Autonomy Software - Field Applications",Shield AI,"Singapore, Singapore",https://www.techinasia.com/jobs/1c845716-0538-4002-8eda-6bc63de60300,https://cdn.techinasia.com/data/images/egVjTlwnzD3QUZ7eu4vnFW2NcJedBP7EkZh8CHTV.jpeg,"SGD 155,000 – 235,000",21 Apr 2025,"Software Engineer,Artificial Intelligence,Full-time"
e2df02bd-dc8c-4c19-af9c-eb3658563e30,Senior / Data Engineer,PatSnap,"Singapore, Singapore",https://www.techinasia.com/jobs/e2df02bd-dc8c-4c19-af9c-eb3658563e30,https://cdn.techinasia.com/data/images/QsjyHgawxCQ38LQLjNxgfNd0m0nZfLhVkElxRoq1.jpeg,,19 Apr 2025,"Data & Analytics,SaaS,Full-time"
8670da2a-0fb8-4b07-be82-97d2557805e9,Growth Marketing Manager,MongoDB,"Singapore, Singapore",https://www.techinasia.com/jobs/8670da2a-0fb8-4b07-be82-97d2557805e9,https://cdn.techinasia.com/data/images/c6nGKEJlt6MCbXaGySpVTOIF23CZSA9XeTW9cCkX.jpeg,,19 Apr 2025,"Marketing & PR,Software,Full-time"
08f241e3-8427-47c6-a17e-c299a94767cc,Senior Operational Planner / Project Lead,ASML,"Singapore, Singapore",https://www.techinasia.com/jobs/08f241e3-8427-47c6-a17e-c299a94767cc,https://cdn.techinasia.com/data/images/VwWcSOZ0zavd3IxvmLkvtcD6g5Rar3cQBYNlkO3O.jpeg,,18 Apr 2025,"Logistics & Operations,Semiconductors,Full-time"
9a255954-1d41-4743-9be7-3cea4b08bcc3,Senior UI/UX Designer,Amplify Health,"Singapore, Singapore",https://www.techinasia.com/jobs/9a255954-1d41-4743-9be7-3cea4b08bcc3,https://cdn.techinasia.com/data/images/ESI5JOtyQrz9qS2xzOHNyDAnAKe6YkJ6I4Z7YjBf.jpeg,,18 Apr 2025,"UX/UI Design,SaaS,Full-time"
fc4ca1c9-e621-48b6-9531-bbedb9cdaa31,UI/UX Designer,Amplify Health,"Singapore, Singapore",https://www.techinasia.com/jobs/fc4ca1c9-e621-48b6-9531-bbedb9cdaa31,https://cdn.techinasia.com/data/images/ESI5JOtyQrz9qS2xzOHNyDAnAKe6YkJ6I4Z7YjBf.jpeg,,18 Apr 2025,"UX/UI Design,SaaS,Full-time"
ce8d121a-8f2e-428c-af2f-bcd6e755e927,Performance Marketing Senior Specialist,Castlery,"Singapore, Singapore",https://www.techinasia.com/jobs/ce8d121a-8f2e-428c-af2f-bcd6e755e927,https://cdn.techinasia.com/data/images/1d19fa7bf3b8c7a5e63d9c3f08667cbd.jpg,,18 Apr 2025,"Marketing & PR,Interior & Home Design, General B2C/C2C,Full-time"
493e038c-a71c-4b22-b641-5792b930fe1e,Junior DevOps Engineer,NetVirta,"Singapore, Singapore",https://www.techinasia.com/jobs/493e038c-a71c-4b22-b641-5792b930fe1e,https://cdn.techinasia.com/data/images/TSlltDbkzW71stouUK91px3tLQpZpxlTUIJipJfE.png,,18 Apr 2025,"DevOps & Cloud Management,Software,Full-time"
272deb72-0cd3-4225-bde0-0438ff432ac3,Backend Software Engineer,Happy Hour Games,"Singapore, Singapore",https://www.techinasia.com/jobs/272deb72-0cd3-4225-bde0-0438ff432ac3,https://cdn.techinasia.com/data/images/3uU2BrG7OasleFAPZsE4votYFGtR9hzGJ9DWG5ec.jpeg,,18 Apr 2025,"Software Engineer,Mobile Games,Full-time"
839bd17f-bc21-4fd9-9c5c-2f5e34494f77,Sales Lead (API),CoinGecko,"Singapore, Singapore",https://www.techinasia.com/jobs/839bd17f-bc21-4fd9-9c5c-2f5e34494f77,https://cdn.techinasia.com/data/images/fabadab609ede5dc9ff76561ed0376bc.jpg,"SGD 263,026 with equity",18 Apr 2025,"Sales & Business Development,Bitcoin,Full-time"
9084ffbb-f53d-4d9c-a273-7a08bfc7c86c,Head of Pre Sales,RightShip,"Singapore, Singapore",https://www.techinasia.com/jobs/9084ffbb-f53d-4d9c-a273-7a08bfc7c86c,https://cdn.techinasia.com/data/images/vpioqHsCghDsk3K2VUYb8rfiMANsJiWiy3pCC29y.png,,18 Apr 2025,"Sales & Business Development,Big Data,Full-time"
070087a2-679b-4f65-beff-41df41873c19,Sr. Security Solutions Architect,Splunk,"Singapore, Singapore",https://www.techinasia.com/jobs/070087a2-679b-4f65-beff-41df41873c19,https://cdn.techinasia.com/data/images/AgiuiIPOXcJU4UKrESI8fUrs72OqyG7jWv7GepLf.jpeg,,18 Apr 2025,"Software Engineer,Software,Full-time"
cdc78076-5cee-4429-907e-757bd39f8e5e,Senior Staff Enterprise Architect,Nutanix,"Singapore, Singapore",https://www.techinasia.com/jobs/cdc78076-5cee-4429-907e-757bd39f8e5e,https://cdn.techinasia.com/data/images/QZe3OmgjizmnqVrbNLlfD0mvHGGGP5GX6XrUoL9n.jpeg,,18 Apr 2025,"DevOps & Cloud Management,SaaS,Full-time"
ea9ac328-4dd9-4bdf-9499-a07ef40058ad,Senior Full Stack Engineer,K-ID,"Singapore, Singapore",https://www.techinasia.com/jobs/ea9ac328-4dd9-4bdf-9499-a07ef40058ad,https://cdn.techinasia.com/data/images/e58guDXME92dRGtB8uyPx3gpey23PlOEXK8wBtam.jpeg,,18 Apr 2025,"Software Engineer,Cyber Security,Full-time"
d8c00c48-c2ae-468c-9576-1b2695eb7fe5,Engagement Manager - Advance Analytics,Fractal Analytics,"Singapore, Singapore",https://www.techinasia.com/jobs/d8c00c48-c2ae-468c-9576-1b2695eb7fe5,https://cdn.techinasia.com/data/images/ns7ZcR8uBmu3zhaV1Yx0iy2QtX94jTAJMvrtHLkF.jpeg,,17 Apr 2025,"Strategy & Consulting,Business Analytics,Full-time"
29a46fcd-b630-4320-bc92-060dfc1f6c73,"Senior Director, Marketing, SEA",Warner Bros. Entertainment,"Singapore, Singapore",https://www.techinasia.com/jobs/29a46fcd-b630-4320-bc92-060dfc1f6c73,https://cdn.techinasia.com/data/images/5c2k60jUr65gBpE5uKoqY14D5XTCaQ4RVIUM9jlV.jpeg,,17 Apr 2025,"Marketing & PR,Entertainment Industry,Full-time"
86b6f07f-5893-4487-be24-dbbc269962d3,"Associate/Senior Associate, Campaign",Klook (客路旅行),"Singapore, Singapore",https://www.techinasia.com/jobs/86b6f07f-5893-4487-be24-dbbc269962d3,https://cdn.techinasia.com/data/images/TlHiec2et7F9PmtVDhrx8jb8tGFbkolheMYAbxQR.png,,17 Apr 2025,"Marketing & PR,Travel & Tourism,Full-time"
f010273f-e3ea-4140-9ad3-d226c4d38270,Senior Manager - Product Marketing,PropertyGuru,"Singapore, Singapore",https://www.techinasia.com/jobs/f010273f-e3ea-4140-9ad3-d226c4d38270,https://cdn.techinasia.com/data/images/d576c8bce4f1a8c517fdbad0e1ae344f.jpg,,17 Apr 2025,"Marketing & PR,Property marketplaces,Full-time"
87a1c47a-7d3d-43dd-8e42-6b6082c55a8f,Senior Program Manager,PropertyGuru,"Singapore, Singapore",https://www.techinasia.com/jobs/87a1c47a-7d3d-43dd-8e42-6b6082c55a8f,https://cdn.techinasia.com/data/images/d576c8bce4f1a8c517fdbad0e1ae344f.jpg,,17 Apr 2025,"Project & Product Management,Property marketplaces,Full-time"
c36675b4-3b7b-4467-8ee6-5bba6b076105,"(Senior) Manager, Talent Acquisition",Funding Societies (Modalku),"Singapore, Singapore",https://www.techinasia.com/jobs/c36675b4-3b7b-4467-8ee6-5bba6b076105,https://cdn.techinasia.com/data/images/79176b226d6cec6c7cdac393705cff7a.jpg,,17 Apr 2025,"Human Resources,Lending, loans, and credit,Full-time"
8de09d89-bfd2-42e1-b849-ed2bf0088c00,"Senior Associate, Financial Control",Checkout.com,"Singapore, Singapore",https://www.techinasia.com/jobs/8de09d89-bfd2-42e1-b849-ed2bf0088c00,https://cdn.techinasia.com/data/images/d10Jccs4h5Ocnt70cRAt6KlsQDIE8iQ9YQ45OZLh.jpeg,,17 Apr 2025,"Finance, Legal & Accounting,Payments and remittance,Full-time"
339e96d7-4fe1-4d84-acc4-9bf3e579b69d,AI Research Associate,Sonar,"Singapore, Singapore",https://www.techinasia.com/jobs/339e96d7-4fe1-4d84-acc4-9bf3e579b69d,https://cdn.techinasia.com/data/images/xYccp7E5dHXB8jN3hrZDXB8tAl42USqYGULUmjxd.jpeg,,17 Apr 2025,"Software Engineer,Software,Full-time"
5ff842d7-a0c4-4167-99cc-4b072d7a6981,"Senior Engineer, iOS",Viki,"Singapore, Singapore",https://www.techinasia.com/jobs/5ff842d7-a0c4-4167-99cc-4b072d7a6981,https://cdn.techinasia.com/data/images/3cfc0bbe2c406b1d9d0923d10e590868.png,,16 Apr 2025,"Software Engineer,Video Streaming,Full-time"
08964bdd-8820-4638-9f59-e352268d72b3,Senior Site Reliability Engineer,F5 Networks,"Singapore, Singapore",https://www.techinasia.com/jobs/08964bdd-8820-4638-9f59-e352268d72b3,https://cdn.techinasia.com/data/images/S4pFQ1UApmo0z95WSaHDAV1hiwJOcsXXk637TShJ.jpeg,,16 Apr 2025,"DevOps & Cloud Management,IT & Cybersecurity,Full-time"
4c0c69b3-2dd4-4c45-a6be-277116bc280f,Senior Machine Learning Engineer - ML Systems,Motional,"Singapore, Singapore",https://www.techinasia.com/jobs/4c0c69b3-2dd4-4c45-a6be-277116bc280f,https://cdn.techinasia.com/data/images/60g91ZznGoEQzBJfsr1sLA7Rf2O1v5ijfctgqlRQ.jpeg,,16 Apr 2025,"Software Engineer,Autonomous driving,Full-time"
e749a234-b27f-4dc5-8f6f-157b104a85b3,Customer Success Manager,Datadog,"Singapore, Singapore",https://www.techinasia.com/jobs/e749a234-b27f-4dc5-8f6f-157b104a85b3,https://cdn.techinasia.com/data/images/8DCr5uaksNfZgukGgIlzAKKMr7bfLT1w8z9KM2EW.png,,16 Apr 2025,"Customer Service,SaaS,Full-time"
24b94692-fe0c-46e5-8207-12f0281cef21,Site Reliability Engineer,Kong Inc.,"Singapore, Singapore",https://www.techinasia.com/jobs/24b94692-fe0c-46e5-8207-12f0281cef21,https://cdn.techinasia.com/data/images/xGgZRc2euUD5xdbefZYJnFbgVHw423d8HCJNjcJu.jpeg,,15 Apr 2025,"DevOps & Cloud Management,Software,Full-time"
76f80628-60ca-4622-b0e8-c1a32363a62b,Client Success Manager,Intellect,"Singapore, Singapore",https://www.techinasia.com/jobs/76f80628-60ca-4622-b0e8-c1a32363a62b,https://cdn.techinasia.com/data/images/HlVeIVoj6L07MQOPRluZlmcdhJOSXvxaMhXAfJuI.png,,15 Apr 2025,"Sales & Business Development,Health and wellness,Full-time"
a1cfdd79-b82a-4764-bae0-aaac44b9b0a8,Principal AI Engineer,Bjak,"Singapore, Singapore",https://www.techinasia.com/jobs/a1cfdd79-b82a-4764-bae0-aaac44b9b0a8,https://cdn.techinasia.com/data/images/4K3kQfWdK8AnPYM3BFvJRjDDVekES5jBl4GbCBHg.png,,15 Apr 2025,"Software Engineer,Insurance tech,Full-time"
676b9327-2331-4162-b2ff-858d45666a14,"VC Partnerships, APAC",OpenAI,"Singapore, Singapore",https://www.techinasia.com/jobs/676b9327-2331-4162-b2ff-858d45666a14,https://cdn.techinasia.com/data/images/FQPuasOT5nwEZaYXxP3Sz19XagJ2HOA4e6IPXq7j.jpeg,,15 Apr 2025,"Sales & Business Development,Artificial Intelligence,Full-time"
3a49838a-8b19-4c3f-b08d-fd3a8821a62c,"Software Engineer, 3D Data Team",Tektome,"Singapore, Singapore",https://www.techinasia.com/jobs/3a49838a-8b19-4c3f-b08d-fd3a8821a62c,https://cdn.techinasia.com/data/images/8kj1mQP7j9NdL158nqs4ieYIK6qs1sXMH3aJ2zFv.jpeg,,14 Apr 2025,"Software Engineer,Software,Full-time"
e0214dc0-73ec-4950-9b6f-7bc8b16ef73f,Senior Software Engineer,Tektome,"Singapore, Singapore",https://www.techinasia.com/jobs/e0214dc0-73ec-4950-9b6f-7bc8b16ef73f,https://cdn.techinasia.com/data/images/8kj1mQP7j9NdL158nqs4ieYIK6qs1sXMH3aJ2zFv.jpeg,,14 Apr 2025,"Software Engineer,Software,Full-time"
a0a7276d-5854-40cb-9eef-f5da942c6b98,LLM Engineer,Sonar,"Singapore, Singapore",https://www.techinasia.com/jobs/a0a7276d-5854-40cb-9eef-f5da942c6b98,https://cdn.techinasia.com/data/images/xYccp7E5dHXB8jN3hrZDXB8tAl42USqYGULUmjxd.jpeg,,14 Apr 2025,"Software Engineer,Software,Full-time"
bc943f93-633c-4043-9a77-f898a402d80b,Frontend Engineer,Sonar,"Singapore, Singapore",https://www.techinasia.com/jobs/bc943f93-633c-4043-9a77-f898a402d80b,https://cdn.techinasia.com/data/images/xYccp7E5dHXB8jN3hrZDXB8tAl42USqYGULUmjxd.jpeg,,14 Apr 2025,"Software Engineer,Software,Full-time"
b5fcf8c2-d1fe-4ee5-8474-ba78f41ce463,Backend Engineer (Java),Sonar,"Singapore, Singapore",https://www.techinasia.com/jobs/b5fcf8c2-d1fe-4ee5-8474-ba78f41ce463,https://cdn.techinasia.com/data/images/xYccp7E5dHXB8jN3hrZDXB8tAl42USqYGULUmjxd.jpeg,,14 Apr 2025,"Software Engineer,Software,Full-time"
aea2be6b-68fc-4a48-ba49-d96bd0e90d2d,Regional Senior Manager API Partnerships (Singapore),Tiket.com,"Singapore, Singapore",https://www.techinasia.com/jobs/aea2be6b-68fc-4a48-ba49-d96bd0e90d2d,https://cdn.techinasia.com/data/images/slwhwrFSOhdaee2JH9Y6dhNArjDt26M5rmQa631X.png,,14 Apr 2025,"Sales & Business Development,Online Booking,Full-time"
246c3f9e-8913-4020-874e-0075954d84ef,Backend Software Engineer,Pelago,"Singapore, Singapore",https://www.techinasia.com/jobs/246c3f9e-8913-4020-874e-0075954d84ef,https://cdn.techinasia.com/data/images/XOkAD4qb64yk9X8twpb4S5A6sKPuRcD2OdSx1ZWn.jpeg,,14 Apr 2025,"Software Engineer,Travel & Tourism,Full-time"
38d38f7b-4778-42aa-a0c0-fb3c0aade6e0,Customer Success Manager,ElevenLabs,"Singapore, Singapore",https://www.techinasia.com/jobs/38d38f7b-4778-42aa-a0c0-fb3c0aade6e0,https://cdn.techinasia.com/data/images/rBnJUr063jqEodlMcUYAlTH8t5LdUGOf6fRYDcKb.jpeg,,14 Apr 2025,"Customer Service,Full-time"
a809f67c-1283-4259-9eec-d4c4cc5c55cd,"Senior Software Engineer, Babylon Core",Babylon Labs,"Singapore, Singapore",https://www.techinasia.com/jobs/a809f67c-1283-4259-9eec-d4c4cc5c55cd,https://cdn.techinasia.com/data/images/wRYTH7cQH9ANEScz6sMY3U7Ul0ZYL0G2taknL1JB.jpeg,,14 Apr 2025,"Software Engineer,Internet technology,Full-time"
69eaff53-8dc5-4306-afae-b5e6320217b8,Technical Support Engineer,PostHog,"Singapore, Singapore",https://www.techinasia.com/jobs/69eaff53-8dc5-4306-afae-b5e6320217b8,https://cdn.techinasia.com/data/images/Ueg3NrtwUtsNeTs9etZyFhSkedpuWOKYCBjke9DT.jpeg,,14 Apr 2025,"Customer Service,Software,Full-time"
2fc4777a-856d-4f88-98a2-a1b254f090af,Software Engineer,Allium,"Singapore, Singapore",https://www.techinasia.com/jobs/2fc4777a-856d-4f88-98a2-a1b254f090af,https://cdn.techinasia.com/data/images/uqEu6VzxcxG3o6q113nLGPI6r0vOkNGWDSx3ONgx.jpeg,,14 Apr 2025,"Software Engineer,Big Data,Full-time"
ca404f72-e544-47fb-a0da-179d6cc1ffcf,Field Data Engineer (APAC),Ascend,"Singapore, Singapore",https://www.techinasia.com/jobs/ca404f72-e544-47fb-a0da-179d6cc1ffcf,https://cdn.techinasia.com/data/images/N6CXXG0eAXtrXAToiVmnDF4beLfT4z6swZCiIRpn.jpeg,Equity,14 Apr 2025,"Data & Analytics,Software,Full-time"
3a2a3933-e49c-4054-82ea-fbbd55ae98ad,"Senior Analyst, GTM Analytics",Snowflake,"Singapore, Singapore",https://www.techinasia.com/jobs/3a2a3933-e49c-4054-82ea-fbbd55ae98ad,https://cdn.techinasia.com/data/images/gJuMCqVbcU30texUCgz6tnGUyemTdHY3qkrqlBil.jpeg,,14 Apr 2025,"Data & Analytics,SaaS,Full-time"
f8ecaf73-c514-4769-aacf-da1821526978,Senior Engineer - Crypto Accounting Systems,CoinHako,"Singapore, Singapore",https://www.techinasia.com/jobs/f8ecaf73-c514-4769-aacf-da1821526978,https://cdn.techinasia.com/data/images/h6fY91jF9nQpDS1xSr31iHVoH6bzWduQc2WBOOCN.jpeg,,14 Apr 2025,"Software Engineer,Payments and remittance,Full-time"
9b59f389-0bf7-4f4d-8ad6-5241b10d9c50,Senior Full Stack Engineer (AI),Jenni.ai,"Singapore, Singapore",https://www.techinasia.com/jobs/9b59f389-0bf7-4f4d-8ad6-5241b10d9c50,https://cdn.techinasia.com/data/images/ghrGKe7372uxBnt5nSS9NVyRObceLk1rViXKeFr4.jpeg,Equity,14 Apr 2025,"Software Engineer,Artificial Intelligence,Full-time"
ab2019a2-b028-47dc-83d7-f76635b9c9ee,Senior QA Engineer - Network Protocols,ExpressVPN,"Singapore, Singapore",https://www.techinasia.com/jobs/ab2019a2-b028-47dc-83d7-f76635b9c9ee,https://cdn.techinasia.com/data/images/3Wkuh59I6OjveSgNYADlkmI5eHBoGuLid3cei32A.jpeg,,14 Apr 2025,"QA & Testing,Network Security,Full-time"
e847afbf-2b87-4509-970a-75a980a1ff79,QA Engineer,Workstream,"Singapore, Singapore",https://www.techinasia.com/jobs/e847afbf-2b87-4509-970a-75a980a1ff79,https://cdn.techinasia.com/data/images/wC1CboYLCqaU6RHyvyhGBzgnlQvHuwR9XV2a1bhr.jpeg,,13 Apr 2025,"QA & Testing,Software,Full-time"
1c4f38c8-a5ce-4745-a6b9-52422c46f195,"Senior Solutions Architect, Cloud Infrastructure and DevOps - NVIS",NVIDIA,"Singapore, Singapore",https://www.techinasia.com/jobs/1c4f38c8-a5ce-4745-a6b9-52422c46f195,https://cdn.techinasia.com/data/images/dbe790040f00ddf79cc786157adce916.png,,13 Apr 2025,"DevOps & Cloud Management,Artificial Intelligence,Full-time"
d0511bc2-578e-4b1f-a4fb-25ef5618a939,"Staff Software Engineer, Mimir",Grafana Labs,"Singapore, Singapore",https://www.techinasia.com/jobs/d0511bc2-578e-4b1f-a4fb-25ef5618a939,https://cdn.techinasia.com/data/images/HKlysuVFZ0QRqjBI3zkIlG4Px1scAryC1N6qsgHJ.jpeg,"SGD 184,000 – 230,000 with equity",13 Apr 2025,"Software Engineer,Software,Full-time"
9b8d3fe1-9ede-4b88-8ac3-7f5dd619c518,Senior System Engineer,Castlery,"Singapore, Singapore",https://www.techinasia.com/jobs/9b8d3fe1-9ede-4b88-8ac3-7f5dd619c518,https://cdn.techinasia.com/data/images/1d19fa7bf3b8c7a5e63d9c3f08667cbd.jpg,,13 Apr 2025,"Software Engineer,Interior & Home Design, General B2C/C2C,Full-time"
2ed9e3d6-d808-4926-bfe5-44331535626e,Software Engineer,Workstream,"Singapore, Singapore",https://www.techinasia.com/jobs/2ed9e3d6-d808-4926-bfe5-44331535626e,https://cdn.techinasia.com/data/images/wC1CboYLCqaU6RHyvyhGBzgnlQvHuwR9XV2a1bhr.jpeg,,11 Apr 2025,"Software Engineer,Software,Full-time"
947436f5-9140-45dc-9b0e-e7f7cf06824e,Senior Data Engineer,Sleek,"Singapore, Singapore",https://www.techinasia.com/jobs/947436f5-9140-45dc-9b0e-e7f7cf06824e,https://cdn.techinasia.com/data/images/sBKZAft54Zbj9g1uvqAPuQjjdB9PqCULy6OWTpOH.jpeg,,10 Apr 2025,"Data & Analytics,Financial accounting and admin,Full-time"
40b6f7cf-39bb-4f0a-8d5b-03e85b3f712e,"Senior Solutions Architect, Singapore",dbt Labs,"Singapore, Singapore",https://www.techinasia.com/jobs/40b6f7cf-39bb-4f0a-8d5b-03e85b3f712e,https://cdn.techinasia.com/data/images/DKDbLCvUVpRE0cCsM5uuVvH1L3wbBTg6xsVhMcpa.jpeg,"SGD 250,000 – 330,000 with equity",10 Apr 2025,"Sales & Business Development,Big Data,Full-time"
9424c0d1-ccec-44d1-a240-81a3cceb7a67,"APAC Vice President of Sales, Singapore",Snap Inc.,"Singapore, Singapore",https://www.techinasia.com/jobs/9424c0d1-ccec-44d1-a240-81a3cceb7a67,https://cdn.techinasia.com/data/images/s5ZenufAi2wq0sxHjKe4BEvcf2HBkPfJzlNLNbLN.jpeg,,10 Apr 2025,"Sales & Business Development,Photo Sharing, Messaging,Full-time"
e3c99d07-8db7-406d-8e5e-d2ce51000c7f,Senior Product Manager (Pricing & Proposition),Flo Energy,"Singapore, Singapore",https://www.techinasia.com/jobs/e3c99d07-8db7-406d-8e5e-d2ce51000c7f,https://cdn.techinasia.com/data/images/y8SCNhx6u786Hai2Ytzlv1y5SjTt09FLHlgWsjwC.jpeg,,10 Apr 2025,"Project & Product Management,Clean Energy,Full-time"
24f1e5d4-4e9f-450c-ac6d-13029b045956,Senior Software Engineer,Instawork,"Singapore, Singapore",https://www.techinasia.com/jobs/24f1e5d4-4e9f-450c-ac6d-13029b045956,https://cdn.techinasia.com/data/images/w0cSj4qeHTIr7XhEwqyfHb1z8AJrswpdDQvtPkSW.jpeg,,10 Apr 2025,"Software Engineer,Human Resource,Full-time"
5a9dadf3-61b0-461a-b85a-860efc70628f,Product Manager,Plume,"Singapore, Singapore",https://www.techinasia.com/jobs/5a9dadf3-61b0-461a-b85a-860efc70628f,https://cdn.techinasia.com/data/images/4c4M5FnN69kdb5tgJIM1ylGKYveKMVfh9iHn0Qxn.jpeg,Equity,10 Apr 2025,"Project & Product Management,Investment tools and platforms,Full-time"
341de970-0302-40f0-abc9-bf86969b4030,Founding Solutions Engineer,Flagright,"Singapore, Singapore",https://www.techinasia.com/jobs/341de970-0302-40f0-abc9-bf86969b4030,https://cdn.techinasia.com/data/images/xVyDywlGif5w7GvN8xixOHysnrtXdXIKt7unAmK9.jpeg,Equity,10 Apr 2025,"Software Engineer,Software Compliance,Full-time"
b50d9957-83e5-4630-ae44-730f67b5f3c5,Senior Software Engineer,Red Airship,"Singapore, Singapore",https://www.techinasia.com/jobs/b50d9957-83e5-4630-ae44-730f67b5f3c5,https://cdn.techinasia.com/data/images/D7xFhtfmOapKF9h1qmGIGnaVmY4B0r4RMoIvxsQP.jpeg,,10 Apr 2025,"Software Engineer,Web Development, Software,Full-time"
f9e3a3a4-af35-42a3-9fbb-0978eb169686,AI/ML Senior Software Engineer,Bjak,"Singapore, Singapore",https://www.techinasia.com/jobs/f9e3a3a4-af35-42a3-9fbb-0978eb169686,https://cdn.techinasia.com/data/images/4K3kQfWdK8AnPYM3BFvJRjDDVekES5jBl4GbCBHg.png,,10 Apr 2025,"Software Engineer,Insurance tech,Full-time"
1cc46c16-9d07-4bbf-8ebc-80954dd63e1c,Senior Localisation Project Manager,Hogarth,"Singapore, Singapore",https://www.techinasia.com/jobs/1cc46c16-9d07-4bbf-8ebc-80954dd63e1c,https://cdn.techinasia.com/data/images/BA9Ht30BlYnMqxPyefgsTM8zagzbLDelQiGiFLlo.jpeg,,9 Apr 2025,"Project & Product Management,Advertising,Full-time"
f7ffd4f4-0d8a-4c7e-bbc1-393d627330e0,Senior Software Engineer,6sense,"Singapore, Singapore",https://www.techinasia.com/jobs/f7ffd4f4-0d8a-4c7e-bbc1-393d627330e0,https://cdn.techinasia.com/data/images/WQf0lS04BSnFjA5xshpv7Qxuv4yQM7pIyQl6thnv.jpeg,,9 Apr 2025,"Software Engineer,Software,Full-time"
765c056d-82cb-450e-b6e1-bd77310a434a,Software Engineer,Breeze,"Singapore, Singapore",https://www.techinasia.com/jobs/765c056d-82cb-450e-b6e1-bd77310a434a,https://cdn.techinasia.com/data/images/ScySVp5bh5tpRsAleciOoAmGZKx9yJolgrZYNIrj.jpeg,Equity,9 Apr 2025,"Software Engineer,Payments and remittance,Full-time"
b58d78d5-2a97-4262-a6ac-8120dd81a9b0,Data Engineer,Paradigm,"Singapore, Singapore",https://www.techinasia.com/jobs/b58d78d5-2a97-4262-a6ac-8120dd81a9b0,https://cdn.techinasia.com/data/images/ckuNELxeo13xPfKB8zPc6QcPs9LWF6iwtIBluHrF.jpeg,,9 Apr 2025,"Data & Analytics,Investment tools and platforms,Full-time"
b094ed46-bf16-4772-bd5f-ee647c4fc723,Associate Growth Marketer (L1),CoinGecko,"Singapore, Singapore",https://www.techinasia.com/jobs/b094ed46-bf16-4772-bd5f-ee647c4fc723,https://cdn.techinasia.com/data/images/fabadab609ede5dc9ff76561ed0376bc.jpg,"SGD 4,120",9 Apr 2025,"Marketing & PR,Bitcoin,Full-time"
8d38f5d8-35bf-4396-9bdb-de1f20a6c009,Principal Product Manager,Payoneer,"Singapore, Singapore",https://www.techinasia.com/jobs/8d38f5d8-35bf-4396-9bdb-de1f20a6c009,https://cdn.techinasia.com/data/images/3ng7uXhzCOtuG1NJi1bUeXpWNUba18L6c3J8Y2PL.jpeg,,9 Apr 2025,"Project & Product Management,Payments and remittance,Full-time"
6091be70-87aa-4804-8bc4-fb5f19b5d5d2,Senior Product Designer,Coins.ph,"Singapore, Singapore",https://www.techinasia.com/jobs/6091be70-87aa-4804-8bc4-fb5f19b5d5d2,https://cdn.techinasia.com/data/images/lZvpsohD5eYttISKfYOZBcU5oif0j65vZfRfVDru.png,,9 Apr 2025,"UX/UI Design,Payments and remittance,Full-time"
641b6708-6bd4-430d-984e-186a79e2a54b,Product Manager - Compliance,Coins.ph,"Singapore, Singapore",https://www.techinasia.com/jobs/641b6708-6bd4-430d-984e-186a79e2a54b,https://cdn.techinasia.com/data/images/lZvpsohD5eYttISKfYOZBcU5oif0j65vZfRfVDru.png,,8 Apr 2025,"Project & Product Management,Payments and remittance,Full-time"
50af1578-376c-41ec-9d90-d0bf344265ce,Lead Software Engineer - Cartography,GoTo Group,"Singapore, Singapore",https://www.techinasia.com/jobs/50af1578-376c-41ec-9d90-d0bf344265ce,https://cdn.techinasia.com/data/images/dkLRg8mgvfr0XkLsrxp5iDHuKEaw7SDK3FMLHduA.jpeg,,8 Apr 2025,"Software Engineer,Internet technology,Full-time"
d6235cc9-2b4f-4eb5-afb4-ddd06c2b6b9c,"Staff Software Engineer, C++",Kronos Research,"Singapore, Singapore",https://www.techinasia.com/jobs/d6235cc9-2b4f-4eb5-afb4-ddd06c2b6b9c,https://cdn.techinasia.com/data/images/XhY6bVcxVvpj4blTWIUeUUrulcf7YiQA5iRAui8q.jpeg,,8 Apr 2025,"Software Engineer,Services,Full-time"
6cda7e08-8ddf-49e8-803a-f181cb60866a,Product Manager,Evooq,"Singapore, Singapore",https://www.techinasia.com/jobs/6cda7e08-8ddf-49e8-803a-f181cb60866a,https://cdn.techinasia.com/data/images/bkkYbTrI9yPtQKGcn5n0B8nKYbNx71BVe6nE6QfN.jpeg,,8 Apr 2025,"Project & Product Management,Investment tools and platforms,Full-time"
38462628-5f00-47ec-81b8-f8c6b922d5b7,AI Agent Engineer,Naptha AI,"Singapore, Singapore",https://www.techinasia.com/jobs/38462628-5f00-47ec-81b8-f8c6b922d5b7,https://cdn.techinasia.com/data/images/YZPVH6AHvLaqa5odoAM3B5CY5crNSrxzwGsj5kiw.jpeg,,7 Apr 2025,"Software Engineer,Artificial Intelligence,Full-time"
190e286e-7c1d-4f26-9415-f4714e0dfaf5,AI Application Engineer (Web),ChainOpera AI,"Singapore, Singapore",https://www.techinasia.com/jobs/190e286e-7c1d-4f26-9415-f4714e0dfaf5,https://cdn.techinasia.com/data/images/qppysOClmhtdwkDl5udgbw5TjZkiTGPqIjiCs0Ri.jpeg,,7 Apr 2025,"Software Engineer,Artificial Intelligence,Full-time"
c5a6bee3-da51-4af9-92d9-640676c78dba,Software Engineer,Evooq,"Singapore, Singapore",https://www.techinasia.com/jobs/c5a6bee3-da51-4af9-92d9-640676c78dba,https://cdn.techinasia.com/data/images/bkkYbTrI9yPtQKGcn5n0B8nKYbNx71BVe6nE6QfN.jpeg,,7 Apr 2025,"Software Engineer,Investment tools and platforms,Full-time"
84c0d854-8679-4184-bac2-e6c757d2f4b5,Senior Product Manager (FinTech),MatchMove,"Singapore, Singapore",https://www.techinasia.com/jobs/84c0d854-8679-4184-bac2-e6c757d2f4b5,https://cdn.techinasia.com/data/images/4d7a7bb8ba8c2a9d488b45165fdd5e7d.jpg,,7 Apr 2025,"Project & Product Management,Payments and remittance,Full-time"
dee3c287-f9cc-404c-b704-85d2313e1467,"Applied AI Engineer, Use-case - EMEA, Singapore",Mistral AI,"Singapore, Singapore",https://www.techinasia.com/jobs/dee3c287-f9cc-404c-b704-85d2313e1467,https://cdn.techinasia.com/data/images/QaCwfeSSspTfMmeCbCE7xMX18aaUJsyPgJf2iDY4.jpeg,Equity,7 Apr 2025,"Software Engineer,Artificial Intelligence,Full-time"
dee71e0a-de30-46db-9273-9b8c8581e2e9,Security Engineer - GCP,Xero,"Singapore, Singapore",https://www.techinasia.com/jobs/dee71e0a-de30-46db-9273-9b8c8581e2e9,https://cdn.techinasia.com/data/images/59b2b56db4df6139883ef19dd363b0d6.png,,7 Apr 2025,"Software Engineer,Financial accounting and admin,Full-time"
ab1ad48c-d240-4855-b897-5984dfedcda4,Product Manager - BNPL,GoTo Group,"Singapore, Singapore",https://www.techinasia.com/jobs/ab1ad48c-d240-4855-b897-5984dfedcda4,https://cdn.techinasia.com/data/images/dkLRg8mgvfr0XkLsrxp5iDHuKEaw7SDK3FMLHduA.jpeg,,7 Apr 2025,"Project & Product Management,Internet technology,Full-time"
87d4a0db-9887-45a9-b0b1-a832084e03fc,Senior Software Engineer,Constantinople,"Singapore, Singapore",https://www.techinasia.com/jobs/87d4a0db-9887-45a9-b0b1-a832084e03fc,https://cdn.techinasia.com/data/images/CyjmNiuQ6K6YFg3yErppVQdJiYwAwKBboDp1wTlp.jpeg,,7 Apr 2025,"Software Engineer,Financial exchanges,Full-time"
659af66c-ff81-4a67-8cb9-c487fba2c8d6,Product Manager - Data and Analytics,Constantinople,"Singapore, Singapore",https://www.techinasia.com/jobs/659af66c-ff81-4a67-8cb9-c487fba2c8d6,https://cdn.techinasia.com/data/images/CyjmNiuQ6K6YFg3yErppVQdJiYwAwKBboDp1wTlp.jpeg,,7 Apr 2025,"Project & Product Management,Financial exchanges,Full-time"
0c1a7d25-1ff6-4425-8a28-692e14f508ac,Product Manager - Credit and Debit Cards,Constantinople,"Singapore, Singapore",https://www.techinasia.com/jobs/0c1a7d25-1ff6-4425-8a28-692e14f508ac,https://cdn.techinasia.com/data/images/CyjmNiuQ6K6YFg3yErppVQdJiYwAwKBboDp1wTlp.jpeg,,7 Apr 2025,"Project & Product Management,Financial exchanges,Full-time"
955dcf2b-d19d-438f-9462-2c35ce655885,Senior Frontend Engineer,Ethos,"Singapore, Singapore",https://www.techinasia.com/jobs/955dcf2b-d19d-438f-9462-2c35ce655885,https://cdn.techinasia.com/data/images/HZhMkfYOlXPAdN1ww4jLjBihFmK8GUzelbcCvQKJ.jpeg,,5 Apr 2025,"Software Engineer,Insurance tech,Full-time"
e4546c76-5704-48d2-8cf0-7235565f7717,Software Engineer (Java),Virtu Financial,"Singapore, Singapore",https://www.techinasia.com/jobs/e4546c76-5704-48d2-8cf0-7235565f7717,https://cdn.techinasia.com/data/images/Ex6OfuWJPY4VCuTYIcq6ypW1eOC6uU1BMwwVYsQX.jpeg,,5 Apr 2025,"Software Engineer,Services,Full-time"
